"id","time1","cv","bag_seal_id","cage_id"
"2","2023-11-20 18:30:36.654967","CV 1","Ejdj","89"
"3","2023-11-20 18:34:23.624643","CV 5","EBOMGHD-660897085","15"
"4","2023-11-20 18:35:03.172586","CV 5","EDELPAT-660968105","19"
"5","2023-11-20 18:36:07.009877","CV 5","EIXBKMG-1591657","17"
"6","2023-11-20 18:37:27.430066","CV 1",,"16"
"7","2023-11-20 18:37:32.149384","CV 5","ECCUULB-5971290-1527","25"
"8","2023-11-20 18:37:52.997323","CV 1","ECCUJGN-660864697","17"
"9","2023-11-20 18:37:54.487382","CV 5","ECCUULB-5970449-1525","25"
"10","2023-11-20 18:38:30.060830","CV 1","EBLPRGH-660888047","18"
"11","2023-11-20 18:38:52.224463","CV 5","EBBIBBW-1430805","23"
"12","2023-11-20 18:39:12.315497","CV 5","EBHUCUT-3595523-1301","23"
"13","2023-11-20 18:39:20.846116","CV 5","EBHUCUT-3592705-1304","23"
"14","2023-11-20 18:39:39.122191","CV 5","EBBISBR-1431751","18"
"15","2023-11-20 18:39:43.232100","CV 5","EBHUCUT-3596527-1302","23"
"16","2023-11-20 18:39:56.074947","CV 5","EBHUCUT-3591392-1303","23"
"17","2023-11-20 18:39:56.756831","CV 1","SLC40462469-23","13"
"18","2023-11-20 18:40:04.191511","CV 5","EBHUCUT-3592404-1532","23"
"19","2023-11-20 18:40:11.670512","CV 5","EJAIBBI-1452928","23"
"20","2023-11-20 18:40:19.794865","CV 1","ENLPNLP-660879974","13"
"21","2023-11-20 18:40:23.499725","CV 5","EBBIKRD-1635958","23"
"22","2023-11-20 18:40:31.843640","CV 5","EBBIBHC-660886938","23"
"23","2023-11-20 18:40:41.199746","CV 5","EBHUCUT-3597521-1304","23"
"25","2023-11-20 18:40:52.139176","CV 5","EBHUCUT-3592398-1304","23"
"26","2023-11-20 18:41:07.100549","CV 5","ECCUBRP-660916920","24"
"27","2023-11-20 18:41:11.859644","CV 5","EBAGSIL-2542111-1443","17"
"29","2023-11-20 18:41:27.496681","CV 1","ENAGJRP-1554102","12"
"30","2023-11-20 18:41:33.129952","CV 5","EKOLKYI-660905082","24"
"31","2023-11-20 18:41:37.420166","CV 5","SLC40462104-23","14"
"32","2023-11-20 18:41:48.976471","CV 5","EBIHKIR-660878939","17"
"33","2023-11-20 18:42:08.997080","CV 5","EPATBTS-4841764-1363","19"
"34","2023-11-20 18:42:17.845315","CV 5","ERXLRXL-660721835","19"
"36","2023-11-20 18:42:33.664421","CV 5","EBDQAWH-660904072","21"
"37","2023-11-20 18:42:38.378678","CV 1","EBIHHJP-660890056","19"
"38","2023-11-20 18:42:38.751187","CV 5","EDIBDBG-1452981","42"
"39","2023-11-20 18:42:46.166483","CV 5","EAMDGSR-1562980","21"
"40","2023-11-20 18:42:50.187499","CV 1","EGAUBGG-660875979","17"
"41","2023-11-20 18:42:53.029877","CV 5","ETEZTPU-1433850","42"
"42","2023-11-20 18:42:53.753039","CV 5","EDELIXW-660891027","22"
"43","2023-11-20 18:43:03.020143","CV 5","EGAUPLS-1312404-1367","42"
"44","2023-11-20 18:43:04.657112","CV 5","ENWDNWD-660872947","43"
"45","2023-11-20 18:43:05.955404","CV 1","EAJLLGL-1549654","13"
"46","2023-11-20 18:43:15.876270","CV 5","ENZRNZR-660841786","42"
"47","2023-11-20 18:43:16.866075","CV 5","EAMDBVG-660881026","21"
"48","2023-11-20 18:43:33.835386","CV 5","EPATDBN-1494774","46"
"49","2023-11-20 18:43:35.251749","CV 5","EJLRJBL-660900224","12"
"50","2023-11-20 18:43:42.955283","CV 5","EKOLULB-660887917","25"
"51","2023-11-20 18:43:53.647112","CV 5","ECCUBRT-660882800","24"
"52","2023-11-20 18:44:07.880040","CV 5","ECCUSIU-1700064","25"
"53","2023-11-20 18:44:15.650165","CV 1","EGAUBLT-1435683","13"
"54","2023-11-20 18:44:19.726697","CV 5","EAMDRNP-660894951","21"
"55","2023-11-20 18:44:33.773826","CV 5","ECCURRK-660925078","43"
"56","2023-11-20 18:44:40.425469","CV 1","EGAUGUW-3386167-1314","13"
"57","2023-11-20 18:44:42.834500","CV 5","EDAIDJL-660855790","17"
"58","2023-11-20 18:44:57.722149","CV 1","EDMUKHM-1501753","13"
"59","2023-11-20 18:45:02.208542","CV 5","ENILNIL-660842826","45"
"60","2023-11-20 18:45:12.699770","CV 5","ERACRAC-260047-1687","43"
"61","2023-11-20 18:45:15.310455","CV 1","EGAURNG-1370509","13"
"63","2023-11-20 18:45:24.960336","CV 5","ECCUULB-5968423-1527","25"
"64","2023-11-20 18:45:36.048751","CV 5","ECCUULB-5970451-1527","25"
"65","2023-11-20 18:45:38.792978","CV 1","EGAUGUW-3386985-1317","13"
"66","2023-11-20 18:45:46.892267","CV 5","EVRVVRV-660834764","26"
"67","2023-11-20 18:45:49.113309","CV 1","ESHLSNG-1624959","13"
"68","2023-11-20 18:45:57.007895","CV 5","EGAUGLP-660852855","13"
"69","2023-11-20 18:45:59.131546","CV 5","EDELJKS-664986169-552","34"
"70","2023-11-20 18:46:04.373334","CV 1","EMGIMGI-660836852","13"
"71","2023-11-20 18:46:06.605473","CV 5","EBHUCUT-3594595-1302","23"
"72","2023-11-20 18:46:06.779258","CV 5","EAJLLGL-1547655","13"
"73","2023-11-20 18:46:20.518832","CV 5","ECHHCHH-660863953","12"
"74","2023-11-20 18:46:21.595700","CV 5","EAHDABD-2636088-1276","21"
"75","2023-11-20 18:46:25.536141","CV 1","SLC41268710-23","13"
"76","2023-11-20 18:46:28.593610","CV 5","ESHLSLG-1434740","13"
"77","2023-11-20 18:46:39.402303","CV 5","EBHUCUT-3595524-1304","23"
"78","2023-11-20 18:46:39.497077","CV 5","EGAUDNI-660730690","13"
"79","2023-11-20 18:46:52.348451","CV 5","ENRANRA-660846835","28"
"80","2023-11-20 18:46:52.912957","CV 5","EINDIDO-2001232-1333","14"
"81","2023-11-20 18:46:59.697439","CV 5","EAHDABD-2635200-1279","21"
"82","2023-11-20 18:47:08.454084","CV 5","ECCUSDP-660909008","25"
"83","2023-11-20 18:47:08.621506","CV 5","EINDIDO-2003054-1334","14"
"84","2023-11-20 18:47:16.550343","CV 5","EBOMCHB-660899021","15"
"85","2023-11-20 18:47:17.638196","CV 5","EBBICDS-1749245","23"
"86","2023-11-20 18:47:27.520700","CV 5","EMUMSAI4-3700516-1375","15"
"87","2023-11-20 18:47:33.929367","CV 5","EBIHSMP-660910063","27"
"88","2023-11-20 18:47:36.433744","CV 5","EBOMBHD-660896077","15"
"89","2023-11-20 18:47:46.772455","CV 5","ERDPCTO-1734069","29"
"90","2023-11-20 18:47:48.507115","CV 5","EBOMMIR-660896138","15"
"92","2023-11-20 18:47:58.004707","CV 5","ECCUBDM-660899965","29"
"93","2023-11-20 18:48:05.109230","CV 5","EBOMBKC-660799761","15"
"94","2023-11-20 18:48:26.664053","CV 5","EBGHBGH-660839742","46"
"95","2023-11-20 18:48:36.338929","CV 1","EBIHKIR-660880989","17"
"96","2023-11-20 18:48:40.686105","CV 5","EMUMSAI4-3701360-983","15"
"97","2023-11-20 18:48:40.946164","CV 5","EKOPKOP-660811668","25"
"98","2023-11-20 18:48:49.706987","CV 5","EAMDBPG-660910080","21"
"99","2023-11-20 18:48:51.804848","CV 5","ERAICHG-2445911-1533","18"
"100","2023-11-20 18:48:57.564735","CV 5","ECCUULB-5966625-1525","25"
"103","2023-11-20 18:49:18.520393","CV 5","EGAMGAM-660847815","17"
"104","2023-11-20 18:49:22.430926","CV 5","EPATBTS-4837358-1363","19"
"107","2023-11-20 18:49:38.691573","CV 5","ECCUBHP-660878890","24"
"108","2023-11-20 18:49:38.738599","CV 1","ETSKTSK-660850761","42"
"109","2023-11-20 18:49:46.425510","CV 5","EAHDABD-2641802-1278","21"
"110","2023-11-20 18:49:46.909513","CV 5","EBIHBGP-660940122","17"
"111","2023-11-20 18:49:48.011603","CV 1","EPNQNGR-660897980","16"
"113","2023-11-20 18:50:04.609211","CV 5","EPATHJR-752630-1319","27"
"115","2023-11-20 18:50:17.818851","CV 5","EKOLHRN-2718677-1530","24"
"116","2023-11-20 18:50:21.273036","CV 1","EDELKRD-660902109","16"
"117","2023-11-20 18:50:28.486267","CV 5","EMGAMGA-660832767","45"
"118","2023-11-20 18:50:30.335116","CV 5","ERAICHG-2451670-1289","18"
"119","2023-11-20 18:50:32.167680","CV 1","ENAGAMI-660879941","12"
"120","2023-11-20 18:50:39.720375","CV 5","EKOLHRN-2713547-1528","24"
"121","2023-11-20 18:50:40.056322","CV 1","EGAUBPT-1464672","13"
"123","2023-11-20 18:50:46.929083","CV 5","EAMDCGR-660887010","21"
"124","2023-11-20 18:50:55.063462","CV 5","EIXWATP-660876235","22"
"125","2023-11-20 18:51:09.159768","CV 5","ECCUSYN-1699184","24"
"126","2023-11-20 18:51:10.335947","CV 1","ERPRBWA-660833726","16"
"127","2023-11-20 18:51:21.038894","CV 5","ECCUBKO-1427899","22"
"128","2023-11-20 18:51:37.372872","CV 5","ECCULGL-660875027","45"
"130","2023-11-20 18:51:47.606793","CV 1","EJLRRTP-1452939","18"
"131","2023-11-20 18:51:56.311208","CV 5","EKOLBEH-660936053","25"
"133","2023-11-20 18:52:06.923854","CV 5","ECCUNDN-1544818","25"
"134","2023-11-20 18:52:07.021411","CV 1","EBHOSEH-1653950","15"
"135","2023-11-20 18:52:17.686167","CV 5","ECCUHLD-660887846","25"
"137","2023-11-20 18:52:31.724445","CV 5","ERDPGVD-1423728","28"
"138","2023-11-20 18:52:37.258146","CV 1","ESNISNI-660830697","42"
"139","2023-11-20 18:52:38.359442","CV 5","EAMDMHN-660868976","21"
"140","2023-11-20 18:52:59.987151","CV 5","EKNEKNE-660803668","34"
"141","2023-11-20 18:53:13.065505","CV 5","EBHUCUT-3597527-1301","23"
"142","2023-11-20 18:53:26.233906","CV 5","ECCUTAK-1421672","25"
"143","2023-11-20 18:53:37.969478","CV 5","EKSGKSG-660835765","24"
"144","2023-11-20 18:53:48.549855","CV 5","EKOLHRN-2720666-1530","24"
"145","2023-11-20 18:53:59.495863","CV 5","EBBIRGD-660853769","23"
"146","2023-11-20 18:54:08.874707","CV 5","ESTVANK-1529902","21"
"147","2023-11-20 18:54:25.217000","CV 5","EAMDIXK-660741851","26"
"148","2023-11-20 18:54:32.380261","CV 5","EPATHJR-759687-1319","27"
"149","2023-11-20 18:54:39.500746","CV 5","EBBIBAW-660887913","25"
"150","2023-11-20 18:54:45.658114","CV 5","EBOMCHB-660900977","15"
"151","2023-11-20 18:54:47.867605","CV 5","EMRRMRR-660822620","24"
"152","2023-11-20 18:54:54.883749","CV 5","ECCUCNP-660942101","24"
"154","2023-11-20 18:55:12.628549","CV 5","ECCUULB-5966626-1527","25"
"155","2023-11-20 18:55:24.746362","CV 1","EBOMDBV-660913073","15"
"156","2023-11-20 18:55:25.334619","CV 5","ECCUULB-5971295-1526","25"
"157","2023-11-20 18:55:28.997499","CV 5","EPNQHDP-660880018","16"
"158","2023-11-20 18:55:36.528835","CV 5","ECCUDDH-660880857","25"
"159","2023-11-20 18:55:43.147907","CV 1","SLC41417062-23","18"
"160","2023-11-20 18:55:46.422796","CV 5","EBDQDHD-1424544","21"
"161","2023-11-20 18:55:51.908411","CV 5","EGANGAN-660903055","21"
"162","2023-11-20 18:56:00.442772","CV 5","SLC40976845-23","15"
"163","2023-11-20 18:56:01.840084","CV 5","ELDAENB-660892931","44"
"164","2023-11-20 18:56:10.615249","CV 5","EBLPKOR-660852907","18"
"165","2023-11-20 18:56:12.725142","CV 5","ECCUBAC-660871917","25"
"166","2023-11-20 18:56:15.399826","CV 1","EIXSSWN-1346456","19"
"167","2023-11-20 18:56:19.374487","CV 5","EBSHBSH-660894213","24"
"168","2023-11-20 18:56:32.671308","CV 5","EAHDABD-2635201-1278","21"
"169","2023-11-20 18:56:37.477919","CV 5","ENAGTMN-660900073","12"
"170","2023-11-20 18:56:38.947328","CV 5","EBDQKLB-1690134","21"
"171","2023-11-20 18:56:46.476690","CV 5","ECCUGOL-319572","25"
"172","2023-11-20 18:56:48.992043","CV 5","EMRHMRH-660817662","42"
"173","2023-11-20 18:57:04.137409","CV 5","EBEBBEB-660865989","45"
"174","2023-11-20 18:57:09.736244","CV 5","EGAUNNM-660861786","13"
"175","2023-11-20 18:57:10.903668","CV 5","EBLRVAV-1422859","26"
"176","2023-11-20 18:57:12.478042","CV 1","EGAUSIM-660944066","13"
"177","2023-11-20 18:57:21.946488","CV 5","EPATJNR-1483672","47"
"178","2023-11-20 18:57:24.947587","CV 5","EAMDCDH-1547944","21"
"179","2023-11-20 18:57:26.181207","CV 1","EBOMBSW-660855808","14"
"180","2023-11-20 18:57:34.612979","CV 5","EBBIKPA-660856823","23"
"181","2023-11-20 18:57:35.962343","CV 5","EPNQCHK-660860822","16"
"183","2023-11-20 18:57:43.655268","CV 5","ECCUMDN-660895916","25"
"184","2023-11-20 18:57:45.972811","CV 5","EBIHSWN-660902997","19"
"185","2023-11-20 18:57:49.183759","CV 1","EAMDVPI-660889869","15"
"186","2023-11-20 18:57:50.493790","CV 5","ECCUBND-660890023","25"
"188","2023-11-20 18:58:05.654467","CV 5","EBBIBPO-660890005","25"
"189","2023-11-20 18:58:06.005957","CV 5","EBIHBTH-660917060","19"
"190","2023-11-20 18:58:12.348722","CV 1","SLC40462498-23","14"
"191","2023-11-20 18:58:19.418589","CV 5","EGAUGUW-3393745-1314","13"
"192","2023-11-20 18:58:27.882492","CV 5","ENAGBTS-2478061-1361","12"
"193","2023-11-20 18:58:33.096578","CV 1","EBOMDHL-660864791","15"
"194","2023-11-20 18:58:33.822327","CV 5","EBHUCUT-3597528-1304","23"
"195","2023-11-20 18:58:36.522198","CV 5","ESTVVSH-1697167","20"
"196","2023-11-20 18:58:45.968620","CV 1","EBOMTHN-660868918","15"
"197","2023-11-20 18:58:47.505605","CV 5","ECCUTMZ-660894013","25"
"198","2023-11-20 18:58:56.257871","CV 1","EMUMKYN-660898939","15"
"199","2023-11-20 18:58:56.761199","CV 5","ERACRAC-267216-1686","43"
"200","2023-11-20 18:59:04.066556","CV 1","EBOMSTZ-660848815","15"
"201","2023-11-20 18:59:04.616634","CV 5","EPATBTS-4835386-1363","19"
"203","2023-11-20 18:59:29.735076","CV 5","EKOLKYI-660905084","24"
"204","2023-11-20 18:59:31.672993","CV 1","EMUMSAI4-3701356-1375","15"
"205","2023-11-20 18:59:33.420941","CV 5","EGAUGUW-3388930-1316","13"
"206","2023-11-20 18:59:36.140981","CV 5","EPATBTS-4836376-1365","19"
"207","2023-11-20 18:59:45.006334","CV 1","EBOMBHD-660891071","15"
"208","2023-11-20 18:59:48.255301","CV 5","SLC41349767-23","13"
"209","2023-11-20 18:59:50.528802","CV 5","EAHDABD-2637100-1279","21"
"211","2023-11-20 18:59:57.999148","CV 5","EPNQNGR-660897981","16"
"212","2023-11-20 19:00:06.172318","CV 5","EBIHMBI-660902003","46"
"213","2023-11-20 19:00:07.699967","CV 5","EBHOSEH-1657953","14"
"214","2023-11-20 19:00:08.900260","CV 1","ESTVVSH-1696157","20"
"215","2023-11-20 19:00:18.282985","CV 5","ECCUDGP-660295376","29"
"216","2023-11-20 19:00:19.753084","CV 1","ESTVKTG-1675012","20"
"217","2023-11-20 19:00:27.667676","CV 5","EIXRRKL-1555828","43"
"218","2023-11-20 19:00:30.644919","CV 5","ECHHCHH-660858999","12"
"219","2023-11-20 19:00:35.708026","CV 1","EGAUBEL-1369471","13"
"220","2023-11-20 19:00:37.272088","CV 5","EBBIKDG-660924131","23"
"221","2023-11-20 19:00:45.746903","CV 5","EGAUMLG-660899895","13"
"222","2023-11-20 19:00:45.923160","CV 1","EJLRJBL-660901163","12"
"223","2023-11-20 19:00:50.155520","CV 5","EIXRDMK-660823791","29"
"224","2023-11-20 19:00:59.756195","CV 5","ECCUULB-5971293-1523","25"
"225","2023-11-20 19:01:01.099551","CV 1","EBOMBKC-660803771","15"
"226","2023-11-20 19:01:07.672750","CV 5","EIXRJKD-2663378-1340","22"
"227","2023-11-20 19:01:08.564480","CV 1","EDAIDJL-660857793","15"
"228","2023-11-20 19:01:10.020194","CV 5","ETEZTPU-1431862","42"
"229","2023-11-20 19:01:15.252464","CV 5","ECCUHNV-1614151","25"
"230","2023-11-20 19:01:20.307603","CV 1","ELKALKA-660810751","42"
"231","2023-11-20 19:01:27.339001","CV 5","ECCUIXR-1446880","22"
"232","2023-11-20 19:01:30.557698","CV 1","EGAUGLG-660855915","42"
"233","2023-11-20 19:01:32.333061","CV 5","EDELSGR-660857887","12"
"235","2023-11-20 19:01:49.113410","CV 5","EPATBKR-1621745","19"
"236","2023-11-20 19:01:58.638986","CV 5","EVNEVNE-660823702","42"
"237","2023-11-20 19:02:03.580763","CV 1","EPATCAA-1501696","19"
"238","2023-11-20 19:02:12.255362","CV 5","EGAUMHL-1256318","13"
"239","2023-11-20 19:02:28.828065","CV 1","EIXBMGM-1492711","17"
"240","2023-11-20 19:02:34.782546","CV 1","ECCUADP-660842787","17"
"241","2023-11-20 19:02:40.270068","CV 1","ERDPBGP-1527042","17"
"242","2023-11-20 19:02:48.130226","CV 1","EIXBJRO-1399445","17"
"243","2023-11-20 19:03:02.089207","CV 1","ERAICHG-2452609-1289","18"
"244","2023-11-20 19:03:11.088983","CV 1","ERXLRXL-660720798","19"
"245","2023-11-20 19:03:32.912568","CV 1","EBOMCHB-660901988","15"
"246","2023-11-20 19:03:43.302646","CV 1","EBOMGHD-660904050","15"
"247","2023-11-20 19:03:49.950920","CV 5","EGAUPLS-1305744-1368","42"
"248","2023-11-20 19:03:50.932419","CV 1","ESZRSZR-660804633","13"
"250","2023-11-20 19:04:00.014142","CV 5","EBIHHJP-660895004","19"
"251","2023-11-20 19:04:20.687329","CV 1","SLC41349551-23","13"
"252","2023-11-20 19:04:23.739213","CV 5","EGAUPLS-1309655-1368","42"
"253","2023-11-20 19:04:37.678430","CV 5","EGAUBGG-660871941","17"
"254","2023-11-20 19:04:41.736238","CV 1","EDIBAAL-1396465","42"
"255","2023-11-20 19:04:49.816989","CV 5","EPATBTS-4840898-1366","19"
"256","2023-11-20 19:04:50.020958","CV 1","EDELDLX-1247725-1560","14"
"257","2023-11-20 19:04:58.471085","CV 1","EAJLLGT-1259267","13"
"258","2023-11-20 19:05:09.554106","CV 5","EPNQPNQ-663461836-1373","16"
"259","2023-11-20 19:05:09.768813","CV 1","ENBMBHI-660849936","15"
"260","2023-11-20 19:05:17.507781","CV 1","ENAGTMN-660903098","12"
"261","2023-11-20 19:05:22.455733","CV 5","EINDIDO-2003060-1333","14"
"262","2023-11-20 19:05:24.153747","CV 1","ENAGBIA-1391653","18"
"263","2023-11-20 19:05:34.154946","CV 5","EIXAAGT-1511783","13"
"264","2023-11-20 19:05:40.888039","CV 1","EBJUBJU-660862809","18"
"265","2023-11-20 19:05:43.530754","CV 5","ENAGWDI-660895978","12"
"266","2023-11-20 19:05:51.465728","CV 5","EGAYBHI-660851801","17"
"267","2023-11-20 19:05:52.092332","CV 1","ESTVNVS-660885037","15"
"268","2023-11-20 19:05:58.692145","CV 1","EPATPNP-1138551","16"
"269","2023-11-20 19:06:02.648405","CV 5","EBOMJOG-660872900","15"
"270","2023-11-20 19:06:05.179278","CV 1","EBLPKOR-660851896","18"
"271","2023-11-20 19:06:10.346265","CV 5","ERDPBGP-1530026","17"
"272","2023-11-20 19:06:13.434757","CV 1","ETEZTPU-1433851","42"
"273","2023-11-20 19:06:22.027058","CV 5","ECCUIPR-660873832","17"
"274","2023-11-20 19:06:31.612377","CV 5","ECDPCDP-660889009","12"
"275","2023-11-20 19:06:39.161382","CV 5","ENAGWMN-660925254","12"
"276","2023-11-20 19:06:45.447950","CV 1","EBOMMSO-1627946","16"
"277","2023-11-20 19:06:48.071081","CV 5","EBIHARH-660910168","19"
"278","2023-11-20 19:06:57.458457","CV 5","EJRHJRH-660935110","42"
"279","2023-11-20 19:07:16.549617","CV 5","EBOMBOR-660885054","15"
"280","2023-11-20 19:07:16.752252","CV 1","ECHHCHH-660859967","12"
"281","2023-11-20 19:07:32.882350","CV 5","ENAGJRP-1557153","12"
"283","2023-11-20 19:07:55.177366","CV 1","EBBISBR-1435868","18"
"284","2023-11-20 19:07:56.842000","CV 5","EDELKNN-660892272","14"
"285","2023-11-20 19:08:03.205235","CV 1","EGAUAZR-1509738","13"
"286","2023-11-20 19:08:04.872269","CV 5","EWRDWRD-660850807","12"
"287","2023-11-20 19:08:11.225376","CV 5","EBBIJAG-1696117","23"
"288","2023-11-20 19:08:11.757923","CV 1","EIXUHSL-233462","16"
"289","2023-11-20 19:08:14.389400","CV 5","EBIHBGI-660908039","19"
"290","2023-11-20 19:08:19.270690","CV 5","EBHUCUT-3596535-1304","23"
"291","2023-11-20 19:08:19.876715","CV 1","EPATZMP-531764","19"
"292","2023-11-20 19:08:27.858014","CV 5","ECCUMID-1533712","25"
"293","2023-11-20 19:08:30.487315","CV 5","SLC40462114-23","14"
"294","2023-11-20 19:08:38.996333","CV 5","EBBIBRH-1462662","23"
"295","2023-11-20 19:08:41.389103","CV 5","ENLPNLP-660876959","13"
"296","2023-11-20 19:08:43.657324","CV 1","EPNQTGN-660893939","16"
"297","2023-11-20 19:08:46.051525","CV 5","EBAKBAK-660818777","23"
"298","2023-11-20 19:08:56.321601","CV 1","EIXRAMR-1589867","16"
"299","2023-11-20 19:09:01.643508","CV 5","EDELHZB-660882213","22"
"300","2023-11-20 19:09:03.528175","CV 1","ESHLJID-1620724","13"
"301","2023-11-20 19:09:08.961850","CV 5","EBBIBHM-1654132","23"
"302","2023-11-20 19:09:19.277574","CV 1","EGURJJH-2844871-1558","37"
"303","2023-11-20 19:09:24.867614","CV 5","EGAUHAJ-1560665","13"
"304","2023-11-20 19:09:32.767223","CV 5","EMGNMGN-660865885","15"
"305","2023-11-20 19:09:38.619400","CV 5","EBBIBMP-660927207","23"
"306","2023-11-20 19:09:47.334796","CV 5","ERDPJMT-1634866","28"
"307","2023-11-20 19:09:51.362435","CV 5","ERAICHG-2446785-1288","18"
"308","2023-11-20 19:10:02.571299","CV 5","EBOMJGO-660875026","14"
"309","2023-11-20 19:10:03.754221","CV 5","EBBIBNP-1426775","23"
"310","2023-11-20 19:10:10.534104","CV 5","EBBIDNK-660820832","23"
"311","2023-11-20 19:10:13.271622","CV 5","EPATBTS-4837367-1363","19"
"312","2023-11-20 19:10:19.038617","CV 5","EBBIPUR-660882840","23"
"313","2023-11-20 19:10:24.964599","CV 5","ETEZMGN-280377","13"
"314","2023-11-20 19:10:35.869234","CV 5","EIXBBAN-1450770","17"
"315","2023-11-20 19:10:38.714229","CV 5","EBBICTS-1547961","23"
"316","2023-11-20 19:10:46.858370","CV 5","EBIHPRN-660904119","17"
"317","2023-11-20 19:10:47.034676","CV 5","EBBIIBB-937137","23"
"318","2023-11-20 19:10:54.741528","CV 5","EIXBPNG-458573","17"
"319","2023-11-20 19:10:57.820446","CV 5","ECCUULB-5965679-1527","25"
"320","2023-11-20 19:11:02.011705","CV 5","EMUMSAI4-3703939-1378","15"
"321","2023-11-20 19:11:06.267305","CV 5","ECCUSKB-660902996","25"
"322","2023-11-20 19:11:11.492869","CV 5","EPATCHP-1524680","19"
"323","2023-11-20 19:11:15.070969","CV 5","EKOLGAR-660985205","25"
"324","2023-11-20 19:11:22.830794","CV 5","ESVPSVP-660796704","14"
"325","2023-11-20 19:11:23.026603","CV 5","EKOLULB-660891905","25"
"326","2023-11-20 19:11:28.700754","CV 5","EBOMMLW-660887025","15"
"327","2023-11-20 19:11:29.150288","CV 5","EBHUCUT-3592408-1303","23"
"328","2023-11-20 19:11:39.208726","CV 5","EBOMKMI-660882867","15"
"329","2023-11-20 19:11:41.308744","CV 5","ECCUULB-5964681-1526","25"
"330","2023-11-20 19:11:54.896246","CV 5","ERAICHG-2449680-1287","18"
"331","2023-11-20 19:11:55.719399","CV 5","EKOLHRN-2719680-1529","24"
"332","2023-11-20 19:12:03.701657","CV 5","EIXRJKD-2657496-1340","22"
"333","2023-11-20 19:12:09.648352","CV 5","ERAICHG-2451669-1287","18"
"334","2023-11-20 19:12:12.991379","CV 5","EBHUCUT-3592411-1532","23"
"335","2023-11-20 19:12:17.793936","CV 5","EGAUNLB-1412748","13"
"336","2023-11-20 19:12:22.986481","CV 5","EIXRJKD-2659532-1339","22"
"337","2023-11-20 19:12:26.206506","CV 5","EPNQNIM-660885046","16"
"338","2023-11-20 19:12:29.684619","CV 1","ESPHSPH-1536661","42"
"339","2023-11-20 19:12:36.424368","CV 5","EBBIBHC-660887921","23"
"340","2023-11-20 19:12:37.713868","CV 5","EJMUJMU-660873813","17"
"341","2023-11-20 19:12:37.866217","CV 1","EMGNMGN-660866873","15"
"342","2023-11-20 19:12:44.344260","CV 5","EKOLPOT-660895957","25"
"343","2023-11-20 19:12:47.547869","CV 5","EPATANH-1446715","19"
"344","2023-11-20 19:12:52.942179","CV 1","EPNQWAG-660881775","16"
"345","2023-11-20 19:12:55.894592","CV 5","ETTBTTB-660832742","13"
"346","2023-11-20 19:13:00.429585","CV 1","EKOJKOJ-660856760","17"
"347","2023-11-20 19:13:02.310695","CV 5","ECCUPHT-1531814","24"
"348","2023-11-20 19:13:06.015563","CV 5","EGAUBLT-1434735","13"
"349","2023-11-20 19:13:09.270535","CV 1","EHJIHJI-660805748","42"
"350","2023-11-20 19:13:11.766733","CV 5","ECCUERB-1761024","25"
"351","2023-11-20 19:13:14.684049","CV 5","EAMDSLS-660887846","15"
"352","2023-11-20 19:13:19.051086","CV 5","ECCUBUD-1529748","25"
"353","2023-11-20 19:13:24.963896","CV 1","EMUMSTR-660872770","15"
"354","2023-11-20 19:13:26.351632","CV 5","EIXAAGR-1443592","13"
"355","2023-11-20 19:13:30.364233","CV 5","EBBIGTM-660880961","23"
"356","2023-11-20 19:13:33.381897","CV 5","EJRHTOK-660810749","42"
"357","2023-11-20 19:13:38.397611","CV 5","ECCUBHP-660878891","24"
"358","2023-11-20 19:13:44.712799","CV 5","EDELJBL-660882229","12"
"359","2023-11-20 19:13:45.949065","CV 5","ECCUULB-5970459-1525","25"
"360","2023-11-20 19:13:52.288314","CV 1","EIXSIXS-660899922","13"
"361","2023-11-20 19:13:53.112418","CV 5","EPNQSTP-660894125","16"
"362","2023-11-20 19:13:54.637228","CV 5","EKDJKDJ-660844774","23"
"363","2023-11-20 19:14:00.537223","CV 5","EDGNDGN-660808692","42"
"364","2023-11-20 19:14:03.336944","CV 5","ERACRAC-266806-1687","43"
"365","2023-11-20 19:14:04.563883","CV 1","EPATMZF-660875843","42"
"366","2023-11-20 19:14:08.960738","CV 5","EBISBIS-660846757","15"
"367","2023-11-20 19:14:10.232935","CV 1","EDWSDWS-660815704","14"
"368","2023-11-20 19:14:11.109228","CV 5","EIXRGLM-1694288","22"
"369","2023-11-20 19:14:20.461380","CV 5","EIXBCOB-1456638","17"
"370","2023-11-20 19:14:23.828427","CV 5","EIXRJSG-1688031","23"
"371","2023-11-20 19:14:32.132949","CV 1","EDELHGJ-660933934","18"
"372","2023-11-20 19:14:33.029928","CV 5","EBOMCRR-660933226","16"
"373","2023-11-20 19:14:33.256227","CV 5","EBHUCUT-3595531-1303","23"
"374","2023-11-20 19:14:38.929939","CV 5","EGAURNG-1367504","13"
"375","2023-11-20 19:14:39.342852","CV 5","EBBICTK-660944092","23"
"376","2023-11-20 19:14:49.777922","CV 5","ECCUDSP-660864884","25"
"377","2023-11-20 19:14:56.598330","CV 5","EBHUCUT-3592716-1301","23"
"378","2023-11-20 19:14:58.150267","CV 5","EBBIKTR-1434834","12"
"379","2023-11-20 19:15:11.660380","CV 5","ERACRAC-267215-1686","43"
"380","2023-11-20 19:15:12.649030","CV 5","EGAUSIM-660945023","13"
"381","2023-11-20 19:15:19.905457","CV 5","EBHUCUT-3591399-1304","23"
"382","2023-11-20 19:15:34.689803","CV 5","EROAROA-660784649","13"
"383","2023-11-20 19:15:36.446904","CV 5","EKOLHRN-2720670-1530","24"
"384","2023-11-20 19:15:46.236960","CV 5","ERDPCMB-480750","45"
"385","2023-11-20 19:15:54.723680","CV 5","SLC41349741-23","13"
"386","2023-11-20 19:15:55.297604","CV 5","ECCUDDM-1732125","24"
"387","2023-11-20 19:16:06.387480","CV 5","EBBINER-464603","23"
"388","2023-11-20 19:16:13.649270","CV 1","EAKDAKD-660880025","12"
"389","2023-11-20 19:16:14.870089","CV 5","EDELIXR-660907956","22"
"390","2023-11-20 19:16:22.849393","CV 1","EKRPKRP-660860792","16"
"391","2023-11-20 19:16:26.428224","CV 5","ECCUCDH-509791","24"
"392","2023-11-20 19:16:30.179612","CV 1","EBHOPCH-1690312","14"
"393","2023-11-20 19:16:31.321642","CV 5","EKOJKOJ-660853766","17"
"394","2023-11-20 19:16:32.365874","CV 5","EBDQAKT-660896107","21"
"395","2023-11-20 19:16:40.537505","CV 5","ECCUULB-5968429-1524","25"
"396","2023-11-20 19:16:50.076047","CV 5","EKOLKYI-660911074","24"
"397","2023-11-20 19:17:01.506510","CV 5","EPATBPA-1641729","46"
"398","2023-11-20 19:17:02.916158","CV 1","EWRDWRD-660850806","12"
"399","2023-11-20 19:17:03.313528","CV 5","EBIHGOG-660859719","19"
"400","2023-11-20 19:17:09.735634","CV 5","ECCUBRG-1556836","24"
"401","2023-11-20 19:17:16.803966","CV 1","EYTMYTM-660847797","12"
"402","2023-11-20 19:17:19.739864","CV 5","EIXRGRA-660780638","25"
"403","2023-11-20 19:17:31.929045","CV 1","EINDIDO-2004041-1334","14"
"404","2023-11-20 19:17:33.710179","CV 5","ECCUSDH-1456710","24"
"405","2023-11-20 19:17:34.901171","CV 5","EKHAKHA-660803757","14"
"406","2023-11-20 19:17:39.550458","CV 1","EJRHJRH-660932128","42"
"407","2023-11-20 19:17:42.179359","CV 5","EBOMSTZ-660846877","15"
"408","2023-11-20 19:17:44.504484","CV 5","EBHUCUT-3595532-1302","23"
"409","2023-11-20 19:17:48.804930","CV 1","ENLPNLP-660878975","13"
"410","2023-11-20 19:17:51.980139","CV 5","ELKALKA-660806772","42"
"411","2023-11-20 19:17:57.770769","CV 5","EKOLHRN-2715370-1528","24"
"412","2023-11-20 19:18:02.186092","CV 5","EDELRJN-660889042","14"
"413","2023-11-20 19:18:07.118534","CV 5","EPCDPCD-660810704","44"
"414","2023-11-20 19:18:13.879464","CV 5","EKOLBGN-660894928","24"
"415","2023-11-20 19:18:27.012216","CV 1","EVNEVNE-660819664","42"
"416","2023-11-20 19:18:27.187617","CV 5","EBHOMPN-1419870","14"
"417","2023-11-20 19:18:28.001128","CV 5","ERDPMBB-1543915","45"
"418","2023-11-20 19:18:39.328343","CV 5","EBOMDHL-660865791","15"
"419","2023-11-20 19:18:40.657386","CV 1","EPATMCT-1716159","17"
"420","2023-11-20 19:18:43.086985","CV 5","ECCUTOP-1681024","24"
"421","2023-11-20 19:18:47.006079","CV 5","EBAGSIL-2544989-1443","17"
"422","2023-11-20 19:18:49.236867","CV 5","ECCUKXZ-294654","25"
"423","2023-11-20 19:18:57.728104","CV 5","EIXRBPT-1305497","13"
"424","2023-11-20 19:19:03.801413","CV 5","EAMDVPI-660895906","15"
"425","2023-11-20 19:19:10.906332","CV 5","ERACRAC-264850-1686","43"
"426","2023-11-20 19:19:12.212161","CV 5","EYTMYTM-660848802","12"
"427","2023-11-20 19:19:12.714744","CV 1","EPATANH-1442728"," 18"
"428","2023-11-20 19:19:19.532793","CV 5","ERDPDEB-660871811","45"
"429","2023-11-20 19:19:26.738338","CV 5","ECCUBLG-660823805","24"
"430","2023-11-20 19:19:28.304581","CV 5","EBOMVRR-660896134","15"
"431","2023-11-20 19:19:35.823503","CV 5","EIXRJKD-2664400-1339","22"
"432","2023-11-20 19:19:36.794536","CV 1","EBIHPRN-660907141","17"
"433","2023-11-20 19:19:36.855178","CV 5","EBOMKLY-1442800","15"
"434","2023-11-20 19:19:43.900142","CV 5","EIXRKOK-1732137","22"
"435","2023-11-20 19:19:46.068843","CV 5","EBOMDBV-660921084","15"
"436","2023-11-20 19:19:50.328321","CV 5","EDELGRD-660840879","22"
"437","2023-11-20 19:19:58.479495","CV 5","EKQRKQR-660816939","22"
"439","2023-11-20 19:20:10.522287","CV 5","EGAUBEL-1372469","13"
"440","2023-11-20 19:20:11.529093","CV 5","EKOLBEH-660941095","25"
"441","2023-11-20 19:20:19.211951","CV 5","EUNAUNA-660842746","21"
"442","2023-11-20 19:20:25.409518","CV 5","EIXRJKD-2662372-1340","22"
"443","2023-11-20 19:20:31.145493","CV 5","EIDRSTK-1687213","14"
"444","2023-11-20 19:20:32.185149","CV 1","EPNQSTP-660896126","16"
"445","2023-11-20 19:20:37.241269","CV 5","EAMDPLN-660872907","21"
"446","2023-11-20 19:20:42.964429","CV 1","EBOMGHL-660874818","15"
"447","2023-11-20 19:20:51.009747","CV 5","EPATHJR-759689-1319","27"
"448","2023-11-20 19:20:54.039600","CV 1","16",
"449","2023-11-20 19:20:58.791035","CV 5","EFBGFBG-660865839","27"
"450","2023-11-20 19:21:10.582752","CV 5","EBIHDBG-660933106","46"
"451","2023-11-20 19:21:19.538670","CV 5","ECCUKDH-1540771","24"
"452","2023-11-20 19:21:22.281748","CV 1","EPDRMDH-407393","16"
"453","2023-11-20 19:21:29.833887","CV 1","EDELBVM-1791823","38"
"454","2023-11-20 19:21:30.536569","CV 5","ECCUASN-660903902","28"
"455","2023-11-20 19:21:50.780651","CV 5","ERAJKLW-660890164","26"
"456","2023-11-20 19:21:58.243601","CV 5","EBIHJHD-660851783","43"
"457","2023-11-20 19:22:04.119110","CV 5","EKPGKPG-660851792","16"
"458","2023-11-20 19:22:18.893322","CV 5","EBBIPNK-1426683","23"
"459","2023-11-20 19:22:27.316128","CV 5","EPATLLG-1631816","19"
"460","2023-11-20 19:22:39.441913","CV 5","EBHUCUT-3597524-1301","23"
"461","2023-11-20 19:22:54.012972","CV 5","ECCUULB-5967570-1525","25"
"462","2023-11-20 19:23:02.361275","CV 5","ECCUULB-5966618-1525","25"
"463","2023-11-20 19:23:09.286793","CV 5","EPATBTS-4841769-1364","19"
"464","2023-11-20 19:23:16.673640","CV 5","EBBICDS-1746241","23"
"465","2023-11-20 19:23:24.372844","CV 5","ERACRAC-261907-1687","43"
"466","2023-11-20 19:23:30.699665","CV 5","EIXBMGM-1490723","17"
"467","2023-11-20 19:23:35.852537","CV 5","EPATBTS-4840126-1364","19"
"468","2023-11-20 19:23:43.581464","CV 5","EPATBTS-4839125-1365","19"
"469","2023-11-20 19:23:51.396468","CV 5","EPATBTS-4838207-1363","19"
"470","2023-11-20 19:23:56.080322","CV 5","ECCUGGT-660865597","17"
"471","2023-11-20 19:24:01.507109","CV 5","EKNJKNJ-660885827","24"
"472","2023-11-20 19:24:11.342715","CV 5","ECCURGT-660895979","24"
"473","2023-11-20 19:24:22.764053","CV 5","ECCUKYN-1539817","24"
"474","2023-11-20 19:24:24.379240","CV 5","EGAUGLG-660857977","42"
"475","2023-11-20 19:24:24.454782","CV 1","EPATBTS-4838205-1363","18"
"476","2023-11-20 19:24:30.348512","CV 1","EBLGBLG-660860825","16"
"477","2023-11-20 19:24:32.043498","CV 5","EPATBTS-4841773-1363","19"
"478","2023-11-20 19:24:40.667551","CV 1","EGAUMLG-660901893","13"
"479","2023-11-20 19:24:42.727745","CV 5","ECHCCHC-660856918","44"
"480","2023-11-20 19:24:51.021827","CV 5","ELDABLT-660853845","44"
"481","2023-11-20 19:24:54.185009","CV 1","EMUMSAI4-3702227-983","15"
"482","2023-11-20 19:25:03.239672","CV 5","ERAJGDN-660820702","26"
"483","2023-11-20 19:25:24.934574","CV 5","EKOLHRN-2719684-1530","26"
"484","2023-11-20 19:25:36.172924","CV 5","EKNDKND-660862721","45"
"485","2023-11-20 19:25:42.770509","CV 1","ESHLSNG-1628945","13"
"486","2023-11-20 19:25:54.135804","CV 5","ECCUCNP-660940122","24"
"487","2023-11-20 19:26:05.785434","CV 5","ERDPMDS-1451857","45"
"488","2023-11-20 19:26:15.616750","CV 5","EBHUCUT-3595535-1302","23"
"489","2023-11-20 19:26:27.332222","CV 5","ECCUPTI-1445654","25"
"490","2023-11-20 19:26:39.811636","CV 5","ESEOSEO-660798721","12"
"491","2023-11-20 19:26:40.598504","CV 5","EKOLHRN-2715371-1530","24"
"492","2023-11-20 19:26:56.508167","CV 5","ESHCSHC-660881890","46"
"493","2023-11-20 19:27:05.573432","CV 5","EHMTHMT-660836737","21"
"494","2023-11-20 19:27:17.762469","CV 5","EBLGBLG-660864877","18"
"495","2023-11-20 19:27:18.494721","CV 5","EAMDQGR-660900179","26"
"496","2023-11-20 19:27:27.942631","CV 5","ECCUASN-660899907","28"
"497","2023-11-20 19:27:34.819285","CV 5","EBBIBBM-474576","23"
"498","2023-11-20 19:27:42.858513","CV 5","EBRHBRH-660843761","19"
"499","2023-11-20 19:27:44.736357","CV 1","EGOPGOG-1625753","16"
"500","2023-11-20 19:27:45.818088","CV 5","ERAJMRB-660836726","26"
"501","2023-11-20 19:27:51.742519","CV 1","EGAUBJF-1288404","16"
"502","2023-11-20 19:28:07.573733","CV 5","EPATBTS-4841768-1365","19"
"503","2023-11-20 19:28:13.908431","CV 5","EDELDLX-1247731-1560","41"
"504","2023-11-20 19:28:14.636544","CV 1","ERDPRPR-1448855","18"
"505","2023-11-20 19:28:22.607374","CV 5","EGURJJH-2841463-1558","37"
"506","2023-11-20 19:28:35.718844","CV 5","EPATBTS-4841762-1365","19"
"507","2023-11-20 19:28:39.705507","CV 1","EBHOKLR-1717067","14"
"508","2023-11-20 19:28:46.881006","CV 5","EGURJJH-2844906-1558","37"
"509","2023-11-20 19:28:47.784876","CV 1","ETEZNGO-1502653","13"
"510","2023-11-20 19:28:50.670855","CV 5","EJRHMAJ-1158229","42"
"511","2023-11-20 19:28:55.300675","CV 5","EBDQGHR-660815700","21"
"513","2023-11-20 19:29:05.154885","CV 5","ECCUULB-5971304-1527","25"
"515","2023-11-20 19:29:13.149021","CV 5","EKOLPOT-660900016","25"
"516","2023-11-20 19:29:21.649602","CV 1","EPNQPBR-660894079","16"
"517","2023-11-20 19:29:22.698144","CV 5","ECCUBWP-659945811","25"
"518","2023-11-20 19:29:28.853140","CV 5","EAMDGDM-660880864","21"
"519","2023-11-20 19:29:30.279677","CV 1","EBOMJOG-660870881","16"
"520","2023-11-20 19:29:37.339491","CV 5","EPATBTS-4839120-1365","19"
"521","2023-11-20 19:29:42.712687","CV 1","EBRHBRH-660846737","15"
"522","2023-11-20 19:29:51.621196","CV 5","ECCUHAH-1440653","25"
"523","2023-11-20 19:29:57.220308","CV 1","EGAMGAM-660850751","17"
"524","2023-11-20 19:30:02.261808","CV 5","EBBINYG-660849779","23"
"525","2023-11-20 19:30:10.221191","CV 5","EAMDQGR-660900180","26"
"527","2023-11-20 19:30:21.741577","CV 5","EJAIBBI-1453925","23"
"528","2023-11-20 19:30:31.099787","CV 5","EPATBTS-4835384-1365","19"
"529","2023-11-20 19:30:40.517318","CV 5","ECCUNIM-1546777","24"
"530","2023-11-20 19:30:44.068895","CV 1","EPNQHDP-660879014","16"
"531","2023-11-20 19:30:54.370872","CV 1","EIXSPLP-1237284","13"
"532","2023-11-20 19:30:54.426043","CV 5","EBHUCUT-3597530-1304","23"
"533","2023-11-20 19:31:01.663415","CV 1","EBBISBL-1622927","18"
"534","2023-11-20 19:31:05.668985","CV 5","EBBIBLW-1514680","25"
"535","2023-11-20 19:31:12.255280","CV 5","EPATBTS-4840900-1365","19"
"536","2023-11-20 19:31:28.884893","CV 5","ECCUNTO-1737072","24"
"538","2023-11-20 19:31:42.431687","CV 1","EGAUPLS-1304968-1367","42"
"539","2023-11-20 19:31:49.597573","CV 1","EPNQSJN-660837724","16"
"540","2023-11-20 19:31:51.139356","CV 5","ECCUDDG-1681225","29"
"541","2023-11-20 19:31:58.006131","CV 1","ECDPCDP-660888007","12"
"542","2023-11-20 19:32:00.926534","CV 5","EAHDABD-2637106-1279","21"
"543","2023-11-20 19:32:08.448482","CV 5","ERDPKND-1413545","45"
"544","2023-11-20 19:32:11.377632","CV 1","EITGITO-660849682","42"
"545","2023-11-20 19:32:18.689368","CV 5","ECCUSKA-660895870","25"
"546","2023-11-20 19:32:27.011506","CV 1","ERAICHG-2447843-1289","18"
"547","2023-11-20 19:32:27.580332","CV 5","EBDQAJW-1413658","21"
"548","2023-11-20 19:32:36.709661","CV 5","EPATBTS-4837354-1365","19"
"549","2023-11-20 19:32:38.106767","CV 1","EKTNKTN-660863013","12"
"550","2023-11-20 19:32:51.860680","CV 1","EDELSGR-660854886","12"
"551","2023-11-20 19:32:58.637030","CV 5","EBBICSP-660929092","23"
"552","2023-11-20 19:33:00.919197","CV 1","EDELBIA-660907174","16"
"553","2023-11-20 19:33:07.864841","CV 1","ENAGTMN-660903100","12"
"554","2023-11-20 19:33:13.021389","CV 5","ECCUULB-5965687-1527","25"
"555","2023-11-20 19:33:20.756693","CV 1","ECCUIPR-660872824","17"
"556","2023-11-20 19:33:23.519966","CV 5","ECCUULB-5969476-1527","25"
"557","2023-11-20 19:33:26.360553","CV 1","EARRARR-660868876","17"
"558","2023-11-20 19:33:34.024695","CV 5","ERDPBMG-660833702","29"
"561","2023-11-20 19:33:46.296807","CV 5","EPATBTS-4841761-1365","19"
"562","2023-11-20 19:33:56.838521","CV 5","EAMDMHN-660871016","21"
"563","2023-11-20 19:34:04.264258","CV 1","EBRGBRG-660862858","18"
"564","2023-11-20 19:34:08.125678","CV 5","EAMDIXK-660741852","EAMDIXK-660741852"
"565","2023-11-20 19:34:10.797100","CV 1","EPATJNR-1483673","47"
"566","2023-11-20 19:34:18.299407","CV 1","EGAUBPT-1465647","13"
"568","2023-11-20 19:34:30.775475","CV 5","EPATBTS-4840128-1365","19"
"569","2023-11-20 19:34:36.546156","CV 1","ESTVSOS-1552996","20"
"570","2023-11-20 19:34:41.933260","CV 5","EBBICTK-660940048","23"
"571","2023-11-20 19:34:48.207039","CV 5","ECCUDDH-660875841","25"
"572","2023-11-20 19:34:51.558385","CV 1","ENAGBTS-2477115-1361","12"
"573","2023-11-20 19:34:56.684606","CV 5","EKOLHRN-2713558-1528","24"
"574","2023-11-20 19:34:59.934082","CV 1","EAHNAHN-660894849","16"
"575","2023-11-20 19:35:17.946181","CV 5","EDELDLX-1252637-1560","41"
"576","2023-11-20 19:35:18.764759","CV 1","EJLRJGR-1441583","16"
"577","2023-11-20 19:35:25.025557","CV 1","EPATMML-1646761","19"
"578","2023-11-20 19:35:25.385486","CV 5","EMRRMRR-660822622","24"
"580","2023-11-20 19:35:38.950694","CV 5","EBHUCUT-3592417-1303","23"
"581","2023-11-20 19:35:49.356598","CV 5","EGURJJH-2844921-1558","37"
"582","2023-11-20 19:35:50.275150","CV 1","ETEZHGT-1159157","42"
"583","2023-11-20 19:35:57.435427","CV 5","EPATBTS-4836382-1365","19"
"584","2023-11-20 19:35:58.865003","CV 1","EPCHPCH-660721437","16"
"585","2023-11-20 19:36:06.330032","CV 1","EDGNDGN-660809696","42"
"586","2023-11-20 19:36:08.371452","CV 5","EGURJJH-2844161-1558","37"
"587","2023-11-20 19:36:13.427564","CV 1","EGAUSWN-1357467","19"
"588","2023-11-20 19:36:19.109982","CV 5","EPATBTS-4836388-1365","19"
"589","2023-11-20 19:36:36.240314","CV 5","ERDPADL-1539906","28"
"590","2023-11-20 19:36:45.517729","CV 5","EAMDGSR-1567043","21"
"591","2023-11-20 19:37:07.549225","CV 5","EAHDABD-2641811-1279","21"
"592","2023-11-20 19:37:18.456615","CV 5","EPATSMP-1694946","27"
"593","2023-11-20 19:37:32.422278","CV 5","EIXRAMR-1592839","18"
"594","2023-11-20 19:37:39.817193","CV 5","ECCUSDP-660907972","24"
"595","2023-11-20 19:37:56.948341","CV 5","ERDPOBD-479885","28"
"596","2023-11-20 19:38:09.288996","CV 5","EAMBAMB-660887853","25"
"597","2023-11-20 19:38:13.267095","CV 5","EPNQNIM-660889041","16"
"598","2023-11-20 19:38:18.464894","CV 5","ECCUNDN-1544819","25"
"599","2023-11-20 19:38:25.325957","CV 5","EBLPRGH-660890011","18"
"600","2023-11-20 19:38:26.642793","CV 5","ERDPLDA-1527790","44"
"601","2023-11-20 19:38:34.834667","CV 5","ECCUBDM-660893963","29"
"602","2023-11-20 19:38:38.108303","CV 5","EJRHMKK-1418525","42"
"603","2023-11-20 19:38:43.041384","CV 5","EBDQAKT-660897107","21"
"604","2023-11-20 19:38:46.804324","CV 5","EGAUTNG-1348505","13"
"605","2023-11-20 19:38:47.209545","CV 1","EGAUULU-660904024","13"
"606","2023-11-20 19:38:53.270147","CV 1","EDONDON-660790624","12"
"607","2023-11-20 19:38:54.305417","CV 5","EVRVVRV-660834765","26"
"608","2023-11-20 19:38:56.688155","CV 5","EJGRJGR-660512500","18"
"609","2023-11-20 19:39:07.118227","CV 5","EBBIRJD-1291337","17"
"610","2023-11-20 19:39:14.083110","CV 5","ECCUSTP-660847805","24"
"611","2023-11-20 19:39:16.332431","CV 5","EBOMKDV-660883931","15"
"612","2023-11-20 19:39:26.161960","CV 5","EMUMSAI4-3702238-1375","15"
"613","2023-11-20 19:39:26.958634","CV 5","ESHKSHK-660827768","23"
"614","2023-11-20 19:39:41.327927","CV 5","SLC40462058-23","18"
"615","2023-11-20 19:39:48.169280","CV 5","EITGITO-660843708","42"
"616","2023-11-20 19:39:57.528662","CV 5","EBOMMIR-660895091","15"
"617","2023-11-20 19:40:00.253385","CV 5","EBHUCUT-3595539-1301","23"
"618","2023-11-20 19:40:13.532820","CV 5","ERDBDML-660883855","45"
"619","2023-11-20 19:40:23.900815","CV 5","ECCUSAH-1394483","25"
"620","2023-11-20 19:40:31.722431","CV 5","EIXRBMH-429600","22"
"621","2023-11-20 19:40:31.775062","CV 5","EBOMBSW-660855809","14"
"622","2023-11-20 19:40:31.910993","CV 1","EINDIDO-2003064-1334","14"
"623","2023-11-20 19:40:42.115116","CV 5","EGOPMGJ-1677904","19"
"624","2023-11-20 19:40:43.656991","CV 5","EAHDABD-2639979-1278","21"
"625","2023-11-20 19:40:49.601407","CV 5","EDELIDR-660900151","14"
"626","2023-11-20 19:40:53.850083","CV 5","ECCUSSP-660836762","25"
"627","2023-11-20 19:40:57.466819","CV 5","EDIBDBG-1447940","42"
"628","2023-11-20 19:41:04.045573","CV 5","EBIHMBI-660896021","46"
"629","2023-11-20 19:41:07.013094","CV 5","EDELPAB-660916189","18"
"630","2023-11-20 19:41:13.456324","CV 5","EKOLHRN-2718684-1528","24"
"631","2023-11-20 19:41:14.920779","CV 5","EBOMTHN-660866911","15"
"632","2023-11-20 19:41:21.783206","CV 5","EBBIPAK-1589868","23"
"633","2023-11-20 19:41:23.670686","CV 5","EDELRDG-660789703","18"
"634","2023-11-20 19:41:32.728699","CV 5","ERPRMOW-660860807","18"
"635","2023-11-20 19:41:39.123060","CV 5","EPATDBG-1518699","46"
"636","2023-11-20 19:41:39.186258","CV 1","EIXBCOB-1454633","16"
"637","2023-11-20 19:41:42.845322","CV 5","ESTVSOS-1551011","20"
"638","2023-11-20 19:41:48.481985","CV 1","EJRHMAJ-1153226","42"
"639","2023-11-20 19:41:48.707422","CV 5","ELKPLKP-1393589","25"
"640","2023-11-20 19:41:55.238184","CV 5","EGAUNLB-1413756","13"
"641","2023-11-20 19:42:00.047581","CV 5","ECCUBKL-491696","25"
"642","2023-11-20 19:42:05.784849","CV 5","EAHNAHN-660894850","16"
"643","2023-11-20 19:42:08.877473","CV 5","ECCUMGR-1548840","25"
"644","2023-11-20 19:42:12.741456","CV 1","EPATSRN-1460576","19"
"645","2023-11-20 19:42:14.192617","CV 5","EGAMGAM-660847816","17"
"646","2023-11-20 19:42:17.415338","CV 5","ECCUGNG-497591","25"
"647","2023-11-20 19:42:21.928675","CV 1","EIDRMAN-1567800","14"
"648","2023-11-20 19:42:29.456250","CV 5","ERACRAC-261089-1686","43"
"649","2023-11-20 19:42:32.152655","CV 5","EPNQWAG-660879777","16"
"650","2023-11-20 19:42:38.390825","CV 5","EIXRDGH-660856152","22"
"651","2023-11-20 19:42:40.832378","CV 5","ECCUADP-660842789","17"
"652","2023-11-20 19:42:49.262061","CV 5","EHJIHJI-660813724","42"
"653","2023-11-20 19:42:50.696376","CV 5","ECCUPRL-660862871","28"
"654","2023-11-20 19:42:57.980886","CV 5","EKOLGAR-660988209","25"
"655","2023-11-20 19:43:07.674290","CV 5","EMUMSAI4-3697541-1378","15"
"656","2023-11-20 19:43:11.321686","CV 5","EBBIBBN-660820634","43"
"657","2023-11-20 19:43:17.059601","CV 5","EPATPNP-1141587","19"
"658","2023-11-20 19:43:20.281741","CV 5","EPATMDH-1611714","46"
"659","2023-11-20 19:43:27.209168","CV 5","ESTVNVS-660890020","15"
"660","2023-11-20 19:43:35.520280","CV 5","EGAUMZA-1485708","13"
"661","2023-11-20 19:43:35.720281","CV 5","ECCUNTS-1512677","24"
"662","2023-11-20 19:43:43.832902","CV 5","EMUMKYN-660900895","15"
"663","2023-11-20 19:43:46.325478","CV 5","ELDARGJ-660893921","44"
"664","2023-11-20 19:43:50.418248","CV 5","EBRNBRN-660787574","14"
"665","2023-11-20 19:43:56.693729","CV 5","EIXRBKO-1482671","22"
"666","2023-11-20 19:43:57.529013","CV 1","ENAGPOD-235326","12"
"667","2023-11-20 19:43:59.001204","CV 5","EBIHBGP-660936123","17"
"668","2023-11-20 19:44:09.184844","CV 5","EIXRMDR-1472568","43"
"669","2023-11-20 19:44:10.605951","CV 5","EJRHJRH-660933139","42"
"670","2023-11-20 19:44:16.615942","CV 1","EGAUPBL-660848886","13"
"671","2023-11-20 19:44:17.524508","CV 5","ERDPDBD-1494707","22"
"672","2023-11-20 19:44:19.474633","CV 5","EAMDVSD-660871935","15"
"673","2023-11-20 19:44:26.098316","CV 1","EMGIMGI-660836853","13"
"674","2023-11-20 19:44:28.222691","CV 5","EPNQPMP-660878837","16"
"675","2023-11-20 19:44:35.779046","CV 5","ERAJLLP-660846724","26"
"676","2023-11-20 19:44:36.797982","CV 1","EBIHMTI-660904154","18"
"677","2023-11-20 19:44:42.297846","CV 1","EIXBUHJ-539768","17"
"678","2023-11-20 19:44:48.781303","CV 1","EBOMKDV-660883930","15"
"679","2023-11-20 19:44:54.714918","CV 1","EROAROA-660786614","13"
"680","2023-11-20 19:44:57.232312","CV 5","EBHOPCH-1683281","14"
"681","2023-11-20 19:45:00.514323","CV 1","EMGIMGI-660837868","13"
"682","2023-11-20 19:45:07.183347","CV 5","EPNQTGN-660894933","16"
"683","2023-11-20 19:45:11.679199","CV 1","EDELKNN-660895283","14"
"684","2023-11-20 19:45:13.061476","CV 5","ERACRAC-264851-1686","43"
"685","2023-11-20 19:45:17.899225","CV 5","EPATZMP-532805","19"
"686","2023-11-20 19:45:18.910154","CV 1","EGAUGOM-1536565","41"
"687","2023-11-20 19:45:24.931025","CV 5","EPATBTS-4841777-1365","19"
"688","2023-11-20 19:45:25.991880","CV 5","EBOMIXU-660910108","16"
"689","2023-11-20 19:45:28.835446","CV 1","ESNISNI-660831691","42"
"690","2023-11-20 19:45:30.494314","CV 5","EBHUCUT-3594604-1304","23"
"691","2023-11-20 19:45:38.227925","CV 1","EBHOMPN-1423909","14"
"692","2023-11-20 19:45:38.412411","CV 5","EBIHCPR-660906956","19"
"693","2023-11-20 19:45:40.398825","CV 5","EBSHBSH-660893206","24"
"694","2023-11-20 19:45:45.634653","CV 1","EPATPTP-1707097","19"
"695","2023-11-20 19:45:48.082994","CV 5","EBOMTDO-660873876","15"
"696","2023-11-20 19:45:52.020757","CV 1","EDELBHO-660874841","14"
"697","2023-11-20 19:46:02.131956","CV 1","EIXABLN-660799591","13"
"698","2023-11-20 19:46:06.252998","CV 5","ERDPBDM-660839758","29"
"699","2023-11-20 19:46:10.065490","CV 1","EMUMSAI4-3702237-1375","15"
"700","2023-11-20 19:46:10.715856","CV 5","EBOMGOR-660889905","15"
"701","2023-11-20 19:46:20.047571","CV 5","EDELKBH-660952116","19"
"702","2023-11-20 19:46:26.560158","CV 1","EJGRJGR-660510514","18"
"703","2023-11-20 19:46:35.726737","CV 1","ESHLSLG-1429742","13"
"704","2023-11-20 19:46:35.825220","CV 5","ECCUGRA-660853812","25"
"705","2023-11-20 19:46:44.334790","CV 1","EIXAMOL-1401455","15"
"706","2023-11-20 19:46:45.208094","CV 5","ECCUDSI-479623","25"
"707","2023-11-20 19:46:47.129004","CV 5","ESHLSHO-1513923","13"
"708","2023-11-20 19:46:51.695106","CV 1","EKPGKPG-660859740","16"
"709","2023-11-20 19:46:52.043743","CV 5","EBBIBPO-660887998","25"
"710","2023-11-20 19:46:54.138680","CV 5","EAKDAKD-660880027","12"
"711","2023-11-20 19:47:04.487358","CV 5","EGAYBHC-1320468","23"
"712","2023-11-20 19:47:08.493200","CV 1","EGURJJH-2845901-1558","37"
"713","2023-11-20 19:47:10.196266","CV 5","EIXRPRN-1409645","17"
"714","2023-11-20 19:47:19.080851","CV 1","EPATARJ-1398528","19"
"715","2023-11-20 19:47:23.529743","CV 5","EIXBBNK-1226242","17"
"716","2023-11-20 19:47:28.839227","CV 5","ECCUADL-660887840","28"
"717","2023-11-20 19:47:34.986164","CV 5","ESTVSAC-1368447","20"
"718","2023-11-20 19:47:39.736153","CV 1","EBOMVRR-660898166","15"
"719","2023-11-20 19:47:39.931990","CV 5","ERDPGZO-1657805","44"
"720","2023-11-20 19:47:44.534496","CV 5","ERAICHG-2444992-1287","18"
"721","2023-11-20 19:47:49.607972","CV 5","EBDQHLL-1600775","21"
"722","2023-11-20 19:47:52.758456","CV 1","EBOMDHL-660862792","14"
"723","2023-11-20 19:47:53.137293","CV 5","EMUMSTR-660867740","16"
"724","2023-11-20 19:48:00.543155","CV 5","ECCUULB-5964688-1526","25"
"725","2023-11-20 19:48:05.392534","CV 5","ESPHSPH-1541642","42"
"726","2023-11-20 19:48:07.056957","CV 1","EIXBBRP-1615725","17"
"727","2023-11-20 19:48:08.877024","CV 5","EAMDBPL-660876826","21"
"728","2023-11-20 19:48:18.338353","CV 5","ECCUDKU-1342524","25"
"729","2023-11-20 19:48:25.205673","CV 1","EGAUSIM-660945024","13"
"730","2023-11-20 19:48:25.247568","CV 5","ECCUULB-5966639-1526","25"
"731","2023-11-20 19:48:26.126829","CV 5","EGAUGUW-3388007-1317","13"
"732","2023-11-20 19:48:33.940643","CV 1","ENAGBHP-1310311","12"
"733","2023-11-20 19:48:35.449352","CV 5","EDELBIA-660910120","18"
"734","2023-11-20 19:48:36.786091","CV 5","EVRVVRV-660835776","26"
"735","2023-11-20 19:48:44.218215","CV 5","EBOMMLW-660889992","15"
"736","2023-11-20 19:48:51.021585","CV 5","ERAJRAJ-660871996","26"
"737","2023-11-20 19:48:55.626827","CV 1","EBOMSTZ-660846878","15"
"738","2023-11-20 19:49:01.952568","CV 5","EAMDBRH-660908047","21"
"739","2023-11-20 19:49:05.266482","CV 1","EBOMTHN-660867899","15"
"740","2023-11-20 19:49:06.695766","CV 5","EPATMCT-1711121","17"
"741","2023-11-20 19:49:09.871394","CV 5","EBBIKRD-1630982","23"
"742","2023-11-20 19:49:12.277557","CV 1","ELKALKA-660814733","42"
"743","2023-11-20 19:49:16.592255","CV 5","EMUMSAI4-3704913-1376","15"
"744","2023-11-20 19:49:19.673111","CV 1","EIXUBLD-1535589","12"
"745","2023-11-20 19:49:25.061044","CV 5","ECCUULB-5963815-1523","25"
"746","2023-11-20 19:49:32.552909","CV 5","EKIRDES-373384","17"
"747","2023-11-20 19:49:34.082964","CV 5","EVSUVSU-660861851","24"
"748","2023-11-20 19:49:43.063524","CV 5","EJRHGLG-1316387","42"
"749","2023-11-20 19:49:48.949060","CV 5","ECCURPH-660881843","24"
"750","2023-11-20 19:49:58.482645","CV 5","EIXRJKD-2657503-1340","22"
"751","2023-11-20 19:50:16.972697","CV 5","ECHCCHC-660859923","44"
"752","2023-11-20 19:50:33.907954","CV 5","ECCUJGM-660849791","25"
"753","2023-11-20 19:50:44.480286","CV 5","ECCUSYN-1696108","24"
"754","2023-11-20 19:51:01.088544","CV 5","EAMDAND-660881949","21"
"755","2023-11-20 19:51:11.555998","CV 5","EAMDBHJ-660887975","21"
"756","2023-11-20 19:51:13.841849","CV 1","EDWSDWS-660815705","14"
"757","2023-11-20 19:51:19.635096","CV 1","ETEZTPU-1431863","42"
"758","2023-11-20 19:51:25.259921","CV 5","EIXRDGH-660859149","22"
"759","2023-11-20 19:51:44.547510","CV 1","EIXBTAD-403569","17"
"760","2023-11-20 19:51:49.356931","CV 5","ECCUULB-5964690-1527","25"
"761","2023-11-20 19:51:55.330502","CV 1","ECCURNG-660810508","17"
"762","2023-11-20 19:51:57.761853","CV 5","ECCUGOL-318588","25"
"763","2023-11-20 19:52:06.629315","CV 1","EDLNDLN-660847700","42"
"764","2023-11-20 19:52:15.049043","CV 1","EBAGSIL-2538269-1379","17"
"765","2023-11-20 19:52:21.482501","CV 1","EIDRMWR-1188332","14"
"766","2023-11-20 19:53:23.125330","CV 1","EKRPKRP-660852809","18"
"767","2023-11-20 19:53:40.400504","CV 5","EBBIJNR-1608735","18"
"768","2023-11-20 19:54:10.451906","CV 5","ESHDSHD-660841711","12"
"769","2023-11-20 19:54:17.876949","CV 1","ENAGJRP-1551144","12"
"770","2023-11-20 19:54:21.005311","CV 5","EGAUULU-660908090","13"
"771","2023-11-20 19:54:30.828660","CV 5","ENNDNND-1731719","15"
"772","2023-11-20 19:54:32.607738","CV 1","EBAGSIL-2538270-1443","17"
"773","2023-11-20 19:54:43.869814","CV 1","EPATRUN-1269351","47"
"774","2023-11-20 19:54:46.042572","CV 5","EGOPBEL-1475581","19"
"775","2023-11-20 19:55:12.890500","CV 5","EPATBGH-449582","19"
"776","2023-11-20 19:55:17.127174","CV 1","EBOMTDO-660874919","15"
"777","2023-11-20 19:55:21.161133","CV 5","EGAUDNI-660730691","13"
"778","2023-11-20 19:55:22.829784","CV 1","EPBNPBN-660861790","16"
"779","2023-11-20 19:55:38.050328","CV 1","EJLRRTP-1455840","18"
"780","2023-11-20 19:55:46.796569","CV 1","EGOPNKG-1445558","19"
"781","2023-11-20 19:55:47.014529","CV 5","EDELDNR-660805784","19"
"782","2023-11-20 19:55:59.262166","CV 1","ESTVPVP-660893002","20"
"783","2023-11-20 19:56:06.491152","CV M 1","EMPUMPU-660846819","25"
"784","2023-11-20 19:56:07.459537","CV 1","ESMIBHI-660800620","47"
"785","2023-11-20 19:56:12.769319","CV M 1","ECCUCNG-660875868","25"
"786","2023-11-20 19:56:17.707397","CV 5","EPATPTP-1709039","19"
"787","2023-11-20 19:56:19.410102","CV 1","ENDCMTZ-1405418","12"
"789","2023-11-20 19:56:26.137662","CV 1","EPNQONI-660850719","16"
"791","2023-11-20 19:56:35.040262","CV 1","EBGTBGT-660835818","12"
"792","2023-11-20 19:56:40.147756","CV M 1","ECCUNDG-1534649","25"
"793","2023-11-20 19:56:42.869365","CV 1","EPATARR-1414488","19"
"794","2023-11-20 19:56:44.191916","CV 5","ENBMBHI-660847916","15"
"795","2023-11-20 19:56:47.185995","CV M 1","ECCUHLT-660894755","25"
"796","2023-11-20 19:56:49.817031","CV 1","EBOMCRI-660875764","15"
"797","2023-11-20 19:56:55.767128","CV 1","EGUNGUN-660832743","14"
"798","2023-11-20 19:56:58.367239","CV M 1","ECCUULB-5965689-1524","25"
"800","2023-11-20 19:57:07.424095","CV 1","EBOMGOR-660884891","15"
"801","2023-11-20 19:57:12.390729","CV 5","ESTVKTG-1676010","20"
"802","2023-11-20 19:57:17.775338","CV M 1","ECCULKT-660155167","25"
"803","2023-11-20 19:57:18.428031","CV 1","EBBIJNR-1607737","15"
"804","2023-11-20 19:57:24.824425","CV M 1","ECCUAMT-1532717","25"
"805","2023-11-20 19:57:29.379856","CV 1","ETSKMRG-660854707","42"
"807","2023-11-20 19:57:37.833356","CV 1","EPATBTS-4841780-1366","19"
"809","2023-11-20 19:57:49.457997","CV 1","EGAUGUW-3393754-1316","13"
"810","2023-11-20 19:57:58.223029","CV 1","EDELKBH-660953102","19"
"811","2023-11-20 19:58:05.565541","CV 1","EGAUALG-1164215","17"
"812","2023-11-20 19:58:51.319203","CV 5","EBOMUHS-660894973","15"
"813","2023-11-20 19:58:59.712677","CV M 1","ERDPCTO-1732107","29"
"815","2023-11-20 19:59:16.787159","CV 5","EIXUSGO-1453513","12"
"820","2023-11-20 19:59:53.521125","CV 5","EDELKRD-660906119","14"
"821","2023-11-20 20:00:02.191790","CV 5","EBIHSMI-660889888","47"
"824","2023-11-20 20:00:26.674190","CV 5","EJLRRTP-1447877","18"
"826","2023-11-20 20:00:34.269027","CV 5","EBOMPCV-660890014","15"
"827","2023-11-20 20:00:43.523275","CV 5","EBRGBRG-660865921","18"
"828","2023-11-20 20:00:49.205760","CV M 1","EAMDMUD-660832662","21"
"829","2023-11-20 20:00:50.888236","CV 1","ESHDSHD-660837695","12"
"830","2023-11-20 20:00:57.965765","CV 5","EPNQWRJ-660893096","16"
"831","2023-11-20 20:00:59.018958","CV M 1","EAMDBVG-660875025","21"
"832","2023-11-20 20:01:06.190265","CV 1","EMUMSAI4-3697536-1378","15"
"834","2023-11-20 20:01:15.226266","CV 5","ENAGBTS-2480937-1361","12"
"835","2023-11-20 20:01:16.488227","CV M 1","EBDQAWH-660907004","21"
"836","2023-11-20 20:01:25.812760","CV 5","EPATASK-1632009","19"
"837","2023-11-20 20:01:27.700564","CV M 1","EAMDBRH-660912123","21"
"838","2023-11-20 20:01:40.850476","CV M 1","EAHDABD-2634364-1276","21"
"839","2023-11-20 20:01:42.412827","CV 1","ETEZBLP-1304413","42"
"840","2023-11-20 20:01:43.325823","CV 5","ENAGBTS-2480942-1361","12"
"841","2023-11-20 20:01:48.890779","CV M 1","EHBXANJ-1378528","21"
"842","2023-11-20 20:01:50.294968","CV 1","ECCUMTG-660906943","17"
"843","2023-11-20 20:01:52.216151","CV 5","ERPRBWA-660833727","18"
"845","2023-11-20 20:01:59.036314","CV 1","EIXTIXT-660774555","42"
"846","2023-11-20 20:02:06.164757","CV M 1","EAHDABD-2635205-1276","21"
"847","2023-11-20 20:02:11.916099","CV 1","ESGMSGM-660830626","16"
"848","2023-11-20 20:02:14.022079","CV M 1","EBDQAWH-660901019","21"
"849","2023-11-20 20:02:20.511001","CV 1","EGAUHAJ-1559677","13"
"850","2023-11-20 20:02:26.984133","CV 5","EPNQPUN-1698925","16"
"851","2023-11-20 20:02:32.038747","CV 1","EBIHSMI-660886883","47"
"852","2023-11-20 20:02:42.558905","CV 1","ERMIGQX-593582","19"
"853","2023-11-20 20:02:44.704065","CV M 1","ENNANNA-660826585","21"
"854","2023-11-20 20:02:49.298533","CV 1","EBLPRGH-660888048","18"
"855","2023-11-20 20:02:51.295789","CV 5","EPATBLD-1427719","19"
"856","2023-11-20 20:02:59.059355","CV M 1","EKGGKGG-660874822","27"
"857","2023-11-20 20:03:05.321109","CV 1","EBOMGKO-1433635","15"
"859","2023-11-20 20:03:11.947383","CV 5","EGAUBGG-660869931","17"
"860","2023-11-20 20:03:15.877766","CV 1","EIXAAGT-1506806","13"
"862","2023-11-20 20:03:20.874092","CV 5","EBOMDHI-1524713","15"
"864","2023-11-20 20:03:27.064804","CV 1","ERAICHG-2448796-1533","16"
"866","2023-11-20 20:03:37.949359","CV 1","EIXIDKH-1395482","41"
"867","2023-11-20 20:03:42.060571","CV M 1","EPATHJR-754644-1319","27"
"868","2023-11-20 20:03:45.777896","CV 1","ENAGDHM-1215230","16"
"869","2023-11-20 20:03:50.772867","CV M 1","EPATHJR-756595-1319","27"
"871","2023-11-20 20:04:01.581378","CV 5","EGAUSKC-1443706","13"
"873","2023-11-20 20:04:22.087258","CV 5","ECCUJGN-660866734","17"
"874","2023-11-20 20:04:24.734478","CV M 1","ECCUASN-660903903","28"
"875","2023-11-20 20:04:31.268580","CV M 1","ECCUADR-660836717","28"
"879","2023-11-20 20:05:17.741648","CV M 1","ERDPAST-1526817","28"
"880","2023-11-20 20:05:24.968072","CV 5","EPNQKTD-1691963","16"
"881","2023-11-20 20:05:39.011213","CV M 1","ECCUADL-660887","28"
"883","2023-11-20 20:05:50.552557","CV 1","EKOBMDJ-491496","17"
"884","2023-11-20 20:05:50.994370","CV 5","EPATBTS-4841787-1363","19"
"886","2023-11-20 20:06:01.252967","CV 1","ERJACDH-439448","16"
"888","2023-11-20 20:06:10.689535","CV 1","EIXUKNA-660639307","16"
"891","2023-11-20 20:06:46.058557","CV M 1","EPATSOU-1487673","46"
"897","2023-11-20 20:07:46.900353","CV M 1","EGOPMBI-1481572","46"
"900","2023-11-20 20:08:13.736657","CV 1","EIDRNEE-1583639","14"
"901","2023-11-20 20:08:15.107356","CV 5","EBIHMZF-660937123","47"
"903","2023-11-20 20:08:22.874863","CV 1","EBOMPCV-660889047","16"
"905","2023-11-20 20:08:31.465233","CV 1","EBOMARL-660846686","15"
"906","2023-11-20 20:08:36.982062","CV 5","EGAUGLG-660853956","42"
"907","2023-11-20 20:08:37.991072","CV 1","EDIBASM-415499","42"
"908","2023-11-20 20:08:52.949646","CV 1","ERJACGA-1406432","18"
"909","2023-11-20 20:09:30.786151","CV 5","EGAUPLS-1307676-1367","42"
"910","2023-11-20 20:09:41.663324","CV M 1","ECCUCNR-660901917","25"
"911","2023-11-20 20:09:49.710508","CV 5","EBBISBL-1617874","18"
"912","2023-11-20 20:09:51.272998","CV M 1","ECCUHNV-1621127","25"
"913","2023-11-20 20:10:01.120036","CV M 1","ECCUULB-5971309-1525","25"
"914","2023-11-20 20:10:01.906162","CV 5","EIXBDLK-1670816","17"
"915","2023-11-20 20:10:10.603869","CV M 1","ERDPMGM-1436543","25"
"916","2023-11-20 20:10:20.174333","CV M 1","ECCUHNV-1619179","25"
"917","2023-11-20 20:10:34.569308","CV M 1","ECCUULB-5970467-1527","25"
"918","2023-11-20 20:10:35.178252","CV 5","EJLRGAD-1574617","12"
"919","2023-11-20 20:10:43.211230","CV M 1","ECCUKOG-1515783","25"
"920","2023-11-20 20:10:54.105090","CV M 1","EKOLIER-444534","25"
"921","2023-11-20 20:11:03.532977","CV M 1","ECCUULB-5965694-1527","25"
"922","2023-11-20 20:11:06.279978","CV 5","EBOMCSH-660882855","15"
"923","2023-11-20 20:11:12.449976","CV M 1","ECCUULB-5970468-1526","25"
"924","2023-11-20 20:11:26.757138","CV M 1","ECCUULB-5966643-1525","25"
"925","2023-11-20 20:11:36.910867","CV 5","ENZRNZR-660839792","42"
"926","2023-11-20 20:11:59.980567","CV 5","EJLRMHJ-1487673","12"
"927","2023-11-20 20:12:37.603174","CV 5","EPATCAA-1498651","19"
"928","2023-11-20 20:12:53.394383","CV 1","EKNRMDH-625633","17"
"929","2023-11-20 20:13:19.170450","CV 5","EBOMVRR-660893114","15"
"930","2023-11-20 20:14:06.921219","CV 5","EIXSSWN-1346458","19"
"931","2023-11-20 20:14:21.734320","CV 5","EINDIDO-2001243-1333","14"
"932","2023-11-20 20:14:31.378165","CV 5","EIXBJRO-1400426","17"
"933","2023-11-20 20:14:38.097903","CV M 1","EAMDVLP-660895066","21"
"934","2023-11-20 20:14:42.409164","CV 5","EBJUBJU-660867860","19"
"935","2023-11-20 20:14:45.309955","CV M 1","EUNAUNA-660848732","21"
"936","2023-11-20 20:14:52.945926","CV M 1","EBDQKLB-1687141","21"
"937","2023-11-20 20:15:03.510522","CV M 1","EAMDCDH-1549022","21"
"938","2023-11-20 20:15:17.489216","CV M 1","EBDQAKT-660899146","21"
"939","2023-11-20 20:15:25.556644","CV 5","EDELBHO-660877844","14"
"940","2023-11-20 20:15:29.234996","CV M 1","EAMDGSR-1567998","21"
"941","2023-11-20 20:15:34.885348","CV 5","EPATSRN-1459564","19"
"942","2023-11-20 20:15:41.454344","CV M 1","EAHDABD-2638045-1279","21"
"943","2023-11-20 20:15:51.269950","CV M 1","EAHDABD-2635204-1278","21"
"944","2023-11-20 20:15:59.000218","CV 5","ESZRSZR-660809658","13"
"945","2023-11-20 20:16:00.741894","CV M 1","EAMDBHJ-660887974","21"
"946","2023-11-20 20:16:08.332863","CV 5","EIXIDKH-1397478","42"
"947","2023-11-20 20:16:09.191578","CV M 1","EAHDABD-2638048-1277","21"
"948","2023-11-20 20:16:16.456804","CV M 1","EAMDMHN-660869951","21"
"949","2023-11-20 20:16:26.938936","CV 5","EKTNKTN-660867091","12"
"950","2023-11-20 20:16:40.077157","CV 5","EBAGSIL-2538276-1379","17"
"951","2023-11-20 20:16:48.631434","CV 5","EBBISBR-1435869","18"
"952","2023-11-20 20:16:56.670719","CV M 1","EIXRJSG-1687004","23"
"953","2023-11-20 20:17:11.195719","CV 5","EBOMGHD-660904051","15"
"954","2023-11-20 20:17:12.052341","CV M 1","EBHUCUT-3596546-1302","EBHUCUT-3596546-1302"
"956","2023-11-20 20:17:22.492269","CV 5","EBLPKOR-660852908","18"
"957","2023-11-20 20:17:29.411164","CV M 1","EBHUCUT-3593733-1532","23"
"958","2023-11-20 20:17:34.269808","CV 5","ESTVVAP-1612751","15"
"959","2023-11-20 20:17:37.060923","CV M 1","EJAIBBI-1E45J08A82I","BBI-1450882"
"960","2023-11-20 20:17:51.095677","CV M 1","EBBIBMP-660930253","23"
"961","2023-11-20 20:17:57.136730","CV 5","EBOMMSO-1629932","15"
"962","2023-11-20 20:18:13.100658","CV M 1","EBBIJAG-1699165","EBBIJAG-1699165"
"963","2023-11-20 20:18:21.856135","CV M 1","EBBIGTM-660878971","23"
"964","2023-11-20 20:18:28.687818","CV M 1","EBBIBDP-1596768","23"
"965","2023-11-20 20:18:30.955173","CV 5","EIXBTAD-402559","17"
"966","2023-11-20 20:18:42.817982","CV M 1","EBBIIBB-936106","23"
"967","2023-11-20 20:18:48.193370","CV 5","ECHHCHH-660862952","12"
"968","2023-11-20 20:18:55.828109","CV M 1","EGHQGHQ-660826802","43"
"969","2023-11-20 20:19:10.086317","CV M 1","ECCURRK-660919126","43"
"970","2023-11-20 20:19:15.969325","CV M 1","EBIHGAY-660928161","43"
"971","2023-11-20 20:19:26.125269","CV M 1","EDMHDMH-660846641","43"
"972","2023-11-20 20:19:29.581037","CV 5","EJLRMDL-1413502","12"
"973","2023-11-20 20:19:32.688880","CV M 1","ERACRAC-262853-1687","43"
"974","2023-11-20 20:19:41.034727","CV M 1","ECBSCBS-660808709","43"
"975","2023-11-20 20:19:50.207398","CV M 1","ERACRAC-261090-1686","43"
"976","2023-11-20 20:19:57.581961","CV M 1","EBIHAWB-660869911","43"
"977","2023-11-20 20:20:06.855709","CV 5","EMUMSAI4-3703967-1375","15"
"978","2023-11-20 20:20:12.557158","CV M 1","ERACRAC-261912-1686","43"
"979","2023-11-20 20:20:24.398812","CV M 1","EKOLGAR-660993261","25"
"980","2023-11-20 20:20:36.312034","CV M 1","EBBIBAW-660893936","25"
"981","2023-11-20 20:20:44.284909","CV M 1","ECCUSKB-660904977","25"
"982","2023-11-20 20:20:57.310488","CV M 1","ECCUULB-5971312-1524","25"
"983","2023-11-20 20:21:07.323994","CV M 1","EBLDBLD-660720635","25"
"984","2023-11-20 20:21:15.730819","CV M 1","ECCUHLD-660887847","25"
"985","2023-11-20 20:23:44.386757","CV M 1","ECCUBKL-487696","25"
"986","2023-11-20 20:23:52.893230","CV M 1","EDMRDMR-660840603","25"
"987","2023-11-20 20:24:01.062320","CV M 1","ECCUJNY-960096","25"
"988","2023-11-20 20:24:11.287391","CV 1","ETEZKLB-1332429","42"
"989","2023-11-20 20:24:12.199442","CV M 1","EKOLULB-660888911","25"
"990","2023-11-20 20:24:21.392319","CV M 1","ECCUKXZ-295632","25"
"991","2023-11-20 20:24:25.118654","CV 1","EPATBLD-1434800","19"
"992","2023-11-20 20:24:29.463291","CV M 1","ECCUGRT-1511677","25"
"993","2023-11-20 20:24:35.787557","CV 1","EPNQKTD-1692991","15"
"994","2023-11-20 20:24:39.660116","CV M 1","EBBIBPO-660886979","25"
"995","2023-11-20 20:24:46.443813","CV M 1","ECCUHAH-1438671","25"
"996","2023-11-20 20:24:56.107122","CV M 1","ECCUBND-660893026","25"
"997","2023-11-20 20:25:02.666107","CV M 1","ECCUJAG-1527739","25"
"998","2023-11-20 20:25:06.361168","CV 1","EAJLKSB-1326334","13"
"999","2023-11-20 20:25:10.355512","CV M 1","ECCUDLH-370692","25"
"1000","2023-11-20 20:25:12.140887","CV 1","EIDRNAR-1534633","12"
"1001","2023-11-20 20:25:19.893374","CV 1","ESBSSBS-660858823","42"
"1002","2023-11-20 20:26:08.128150","CV 1","EULGULG-660865730","19"
"1003","2023-11-20 20:26:16.335712","CV 1","EIXBNJP-660827597","17"
"1004","2023-11-20 20:26:21.720185","CV 1","EBOMADW-660891947","16"
"1005","2023-11-20 20:26:35.683781","CV 1","ERTLRTL-660863821","42"
"1006","2023-11-20 20:26:48.174381","CV 1","ENAGRPR-1509698","16"
"1007","2023-11-20 20:28:23.595490","CV M 1","EAMDPLN-660870899","21"
"1008","2023-11-20 20:28:32.632503","CV M 1","ESTVANK-1530888","21"
"1009","2023-11-20 20:28:40.030488","CV M 1","EAMDMAN-660913979","21"
"1010","2023-11-20 20:28:47.851932","CV M 1","EAMDRNP-660893948","21"
"1011","2023-11-20 20:28:56.747319","CV M 1","EAMDGSR-1567999","21"
"1012","2023-11-20 20:29:03.559067","CV M 1","EGANGAN-660901099","21"
"1013","2023-11-20 20:29:08.405497","CV 5","EHGBHGB-660818730","14"
"1014","2023-11-20 20:29:11.138452","CV M 1","EAMDCGR-660880978","21"
"1015","2023-11-20 20:29:20.117273","CV M 1","EAMDNRD-1527845","21"
"1016","2023-11-20 20:29:29.276499","CV M 1","EAMDNDD-660856778","21"
"1017","2023-11-20 20:29:32.000663","CV 5","EIXIBRW-1435514","13"
"1018","2023-11-20 20:29:39.046624","CV M 1","EAMDBPG-660910081","21"
"1019","2023-11-20 20:29:47.073765","CV 5","EBOMBKC-660798749","15"
"1020","2023-11-20 20:29:49.936398","CV M 1","ECCUBKO-1428949","22"
"1021","2023-11-20 20:29:56.354789","CV M 1","EDELBKO-660853799","22"
"1022","2023-11-20 20:30:02.623378","CV M 1","EKQRKQR-660810962","22"
"1023","2023-11-20 20:30:11.946508","CV M 1","EIXRJKD-2664655-1340","22"
"1024","2023-11-20 20:30:18.201486","CV 5","EBBIPKM-1401472","18"
"1025","2023-11-20 20:30:19.317421","CV M 1","EIXRKOH-459683","22"
"1026","2023-11-20 20:30:26.435750","CV M 1","EDELHZB-660885244","22"
"1027","2023-11-20 20:30:36.065650","CV 5","ENAGAMI-660883955","12"
"1028","2023-11-20 20:30:40.909970","CV M 1","EIXRJKD-2661502-1339","22"
"1029","2023-11-20 20:30:49.079307","CV M 1","EIXRBMR-660859731","22"
"1030","2023-11-20 20:30:58.269909","CV 5","EKXJKXJ-660527455","13"
"1031","2023-11-20 20:30:58.629364","CV M 1","EDELHZB-660881227","22"
"1032","2023-11-20 20:31:10.074729","CV M 1","EIXWATP-660880204","22"
"1033","2023-11-20 20:31:10.518075","CV 5","EBIHKIR-660880991","17"
"1034","2023-11-20 20:31:16.181112","CV M 1","EIXRJKD-2660490-1339","22"
"1035","2023-11-20 20:31:19.690883","CV 5","EJLRJGR-1433552","18"
"1036","2023-11-20 20:31:23.688371","CV M 1","ECCUIXR-1452888","22"
"1037","2023-11-20 20:31:34.677882","CV 5","EINDIDO-2000270-1334","14"
"1038","2023-11-20 20:31:44.240951","CV 1","ECHHCHH-660862951","12"
"1039","2023-11-20 20:31:46.196498","CV 5","EIXAKUG-660775576","13"
"1040","2023-11-20 20:31:55.934768","CV 5","ETEZBLP-1310372","42"
"1041","2023-11-20 20:32:05.424540","CV 5","ESGMSGM-660824627","16"
"1042","2023-11-20 20:32:10.580306","CV 1","EAJLSAI-1266320","13"
"1043","2023-11-20 20:32:15.891414","CV 5","EBAGSIL-2544998-1443","17"
"1044","2023-11-20 20:32:22.388760","CV 1","EIXSKLN-1150151","13"
"1045","2023-11-20 20:32:25.791286","CV 5","EBOMJGO-660876978","14"
"1046","2023-11-20 20:32:36.633979","CV 1","EIXBDLK-1670817","17"
"1047","2023-11-20 20:32:39.500615","CV 5","ESHLSLG-1428747","13"
"1048","2023-11-20 20:32:48.433025","CV 1","EBOMCSH-660881852","15"
"1049","2023-11-20 20:32:51.006165","CV 5","ENAGNKD-1250329","12"
"1050","2023-11-20 20:32:54.755420","CV 1","EBBIPKM-1405464","16"
"1051","2023-11-20 20:32:55.444791","CV M 1","ELDARGJ-660899946","44"
"1052","2023-11-20 20:32:58.297552","CV 5","EDELKNN-660893288","14"
"1053","2023-11-20 20:33:02.392334","CV 1","EGOPMRW-1391443","19"
"1054","2023-11-20 20:33:11.474658","CV M 1","ELDANFK-660858841","44"
"1055","2023-11-20 20:33:12.950680","CV 5","ETEZTPU-1432826","42"
"1056","2023-11-20 20:33:13.525467","CV 1","EPNQHDP-660884032","16"
"1057","2023-11-20 20:33:20.010639","CV M 1","EPCDPCD-660815705","44"
"1058","2023-11-20 20:33:23.534536","CV 1","EINDIDO-2000269-1333","14"
"1059","2023-11-20 20:33:28.599715","CV M 1","ECHCCHC-660860937","44"
"1060","2023-11-20 20:33:34.150839","CV 1","EBOMCHB-660894987","15"
"1061","2023-11-20 20:33:39.106340","CV M 1","ESPDGRM-1527701","44"
"1062","2023-11-20 20:33:39.706488","CV 1","EBOMMIR-660889098","15"
"1063","2023-11-20 20:33:46.771840","CV 1","EBOMGHD-660896061","15"
"1064","2023-11-20 20:33:46.957333","CV M 1","ESPDGRM-1534700","44"
"1065","2023-11-20 20:33:47.193019","CV 5","EDELPAT-660966121","19"
"1066","2023-11-20 20:33:56.919429","CV M 1","ECCULDA-1620807","44"
"1067","2023-11-20 20:34:07.490717","CV M 1","ELDANFK-660859875","44"
"1068","2023-11-20 20:34:14.508495","CV 5","EPNQBRI-660864812","16"
"1069","2023-11-20 20:34:15.131136","CV M 1","ELDARGJ-660892937","44"
"1070","2023-11-20 20:34:23.937262","CV 5","ETEZNGO-1495640","13"
"1071","2023-11-20 20:34:24.244664","CV M 1","ERDPKCH-1627775","44"
"1072","2023-11-20 20:34:34.076973","CV 5","EBHOSEH-1653951","14"
"1074","2023-11-20 20:34:42.897743","CV M 1","EKOLHRN-2718694-1530","24"
"1075","2023-11-20 20:34:42.950214","CV 5","EBBIKTR-1434835","12"
"1076","2023-11-20 20:34:53.407874","CV 5","EPNQPNQ-663460906-1373","16"
"1077","2023-11-20 20:34:53.911905","CV M 1","EKOLHRN-2720677-1528","24"
"1078","2023-11-20 20:35:02.414438","CV 5","EGAUNGN-660886904","13"
"1079","2023-11-20 20:35:05.924364","CV M 1","EKSGKSG-660832792","24"
"1080","2023-11-20 20:35:14.126839","CV M 1","ECCUSEV-660948798","24"
"1081","2023-11-20 20:35:15.598177","CV 5","EDBBDBB-660773586","17"
"1082","2023-11-20 20:35:24.029214","CV M 1","ECCUSDP-660906006","24"
"1083","2023-11-20 20:35:25.864051","CV 5","EBOMNSK-660875954","15"
"1084","2023-11-20 20:35:34.079118","CV 5","ENAGPOD-229337","12"
"1085","2023-11-20 20:35:37.012921","CV M 1","EKOLHRN-2715380-1528","24"
"1086","2023-11-20 20:35:44.945165","CV M 1","ECCUKYN-1543821","24"
"1087","2023-11-20 20:35:51.568599","CV M 1","EKOLKYI-660909082","24"
"1088","2023-11-20 20:35:54.631876","CV 5","EIXBJPG-660855744","17"
"1089","2023-11-20 20:36:00.633730","CV M 1","ECCUNTO-1734107","24"
"1090","2023-11-20 20:36:06.214435","CV 5","EGAYBHI-660859810","17"
"1091","2023-11-20 20:36:15.774779","CV M 1","EKOLKAR-748813","24"
"1092","2023-11-20 20:36:27.029339","CV M 1","ECCUCPD-1427595","24"
"1093","2023-11-20 20:36:39.933762","CV M 1","ECCUBRP-660917938","24"
"1094","2023-11-20 20:36:45.523357","CV M 1","ECCUBLG-660822819","24"
"1095","2023-11-20 20:37:12.435650","CV 5","EBOMBOR-660881038","15"
"1096","2023-11-20 20:37:23.879182","CV 5","EBIHARH-660906219","19"
"1097","2023-11-20 20:37:31.815502","CV 5","EGAUCGN-1500575","13"
"1098","2023-11-20 20:37:39.182862","CV 5","EIDRMAN-1565803","14"
"1099","2023-11-20 20:37:48.215695","CV 5","EBOMGHL-660875872","15"
"1100","2023-11-20 20:37:55.629110","CV 5","EGAUBLT-1440682","13"
"1101","2023-11-20 20:37:58.978730","CV 1","EAMDSLS-660886876","15"
"1102","2023-11-20 20:38:09.449763","CV 1","EIXUROM-1482470","12"
"1103","2023-11-20 20:38:23.154233","CV 1","EGAUGLG-660859934","42"
"1104","2023-11-20 20:38:36.182713","CV 1","EPATMNP-1449507","42"
"1105","2023-11-20 20:38:52.564904","CV 5","EDELBIT-660877927","19"
"1106","2023-11-20 20:38:58.937926","CV 1","EIXBPNG-460559","17"
"1107","2023-11-20 20:38:59.068948","CV 5","EPNQSTP-660900180","16"
"1108","2023-11-20 20:39:08.932646","CV 5","EJYPJYP-660816707","18"
"1109","2023-11-20 20:39:11.160662","CV 1","EDELIDR-660894119","14"
"1110","2023-11-20 20:39:17.884251","CV 5","EGAUSWN-1354448","19"
"1111","2023-11-20 20:39:21.294170","CV 1","ESTVVAP-1613765","15"
"1112","2023-11-20 20:39:28.619285","CV 1","EDIBDBG-1450976","42"
"1113","2023-11-20 20:39:29.992721","CV 5","EDELJBL-660883252","12"
"1114","2023-11-20 20:39:42.726091","CV 5","ENRINRI-660793637","42"
"1115","2023-11-20 20:40:00.465156","CV 5","ENHKNHK-660802685","42"
"1116","2023-11-20 20:40:08.599542","CV M 1","EPBDMGL-1253278","26"
"1117","2023-11-20 20:40:21.356105","CV 5","EIDRAKN-1557588","14"
"1118","2023-11-20 20:40:22.981912","CV M 1","EAMDIXK-660746856","26"
"1119","2023-11-20 20:40:31.899601","CV M 1","EAMDQGR-660899160","26"
"1120","2023-11-20 20:40:39.468581","CV M 1","EBLRVAV-1421831","26"
"1121","2023-11-20 20:40:44.822615","CV M 1","EAMDPOR-660825696","26"
"1122","2023-11-20 20:40:49.000552","CV 5","EIXUHSL-229452","16"
"1123","2023-11-20 20:40:51.965479","CV M 1","ERAJKLW-660887209","26"
"1124","2023-11-20 20:41:00.865854","CV 5","EDMCDMC-1548642","42"
"1125","2023-11-20 20:41:01.788743","CV 1","ESNISNI-660825699","42"
"1126","2023-11-20 20:41:01.973232","CV M 1","ECCUULB-5968439-1523","26"
"1127","2023-11-20 20:41:13.006434","CV 1","ESHLSNG-1620944","13"
"1128","2023-11-20 20:41:16.231083","CV 5","EBIHPRN-660904122","17"
"1129","2023-11-20 20:41:19.843426","CV 1","EBOMKMI-660881853","15"
"1130","2023-11-20 20:41:25.061568","CV 5","EIXBKMG-1592652","17"
"1131","2023-11-20 20:41:25.656194","CV 1","EGAUNLB-1414809","13"
"1132","2023-11-20 20:41:35.204313","CV 1","EGAUNGN-660880853","13"
"1133","2023-11-20 20:41:37.895533","CV 5","EDGNDGN-660814705","42"
"1134","2023-11-20 20:41:44.738516","CV M 1","ERAJKLW-660888231","26"
"1135","2023-11-20 20:41:45.048136","CV 1","EDBBDBB-660767554","17"
"1136","2023-11-20 20:41:52.563033","CV M 1","ERAJLLP-660840698","26"
"1137","2023-11-20 20:41:52.810544","CV 1","ERAICHG-2444996-1287","18"
"1138","2023-11-20 20:41:54.397490","CV 5","ENAGGDI-1473675","12"
"1140","2023-11-20 20:42:04.996804","CV 1","EJMUJMU-660872865","16"
"1142","2023-11-20 20:42:07.967148","CV 5","EPNQSGV-1439697","16"
"1143","2023-11-20 20:42:15.867504","CV 5","EBOMKMI-660882869","15"
"1144","2023-11-20 20:42:17.328949","CV M 1","EIXRHZB-1590684","22"
"1145","2023-11-20 20:42:27.917584","CV M 1","EIXRGLM-1695303","32"
"1146","2023-11-20 20:42:32.317231","CV 5","EGAUNLB-1412749","13"
"1147","2023-11-20 20:42:40.597494","CV M 1","EDELIXW-660891029","22"
"1148","2023-11-20 20:42:45.281237","CV 5","EAJLLGL-1551677","13"
"1149","2023-11-20 20:42:48.280366","CV M 1","EDELGRD-660839923","22"
"1150","2023-11-20 20:42:55.723208","CV M 1","EIXRDGH-660864175","22"
"1151","2023-11-20 20:43:05.214425","CV M 1","ERDPGTS-1477586","22"
"1152","2023-11-20 20:43:13.619448","CV M 1","EIXRKNK-660849873","22"
"1153","2023-11-20 20:43:27.280306","CV 5","EINDIDO-2005014-1333","14"
"1154","2023-11-20 20:43:30.427317","CV M 1","EIXRJKD-2657506-1339","22"
"1155","2023-11-20 20:43:37.750669","CV 5","EGAUMLG-660900927","13"
"1156","2023-11-20 20:43:38.182038","CV M 1","EIXRIXW-1690847","22"
"1157","2023-11-20 20:43:46.310654","CV M 1","EIXRTCH-1546694","22"
"1158","2023-11-20 20:43:48.746898","CV 5","EBOMSRI-660821654","15"
"1160","2023-11-20 20:43:57.861483","CV 5","EHJPHJP-660807638","19"
"1161","2023-11-20 20:44:05.230009","CV 5","EGUNGUN-660826757","14"
"1162","2023-11-20 20:44:15.006704","CV 5","ESHLSHO-1511918","13"
"1163","2023-11-20 20:44:25.552190","CV 5","ETSKMRG-660852707","42"
"1164","2023-11-20 20:44:48.535146","CV M 1","ECCUBET-498634","45"
"1165","2023-11-20 20:45:01.409411","CV M 1","ENILNIL-660843770","45"
"1166","2023-11-20 20:45:08.949765","CV M 1","EBEBBEB-660865991","45"
"1167","2023-11-20 20:45:17.238612","CV M 1","ECCULGL-660872042","45"
"1169","2023-11-20 20:45:40.416301","CV 5","EBOMJLN-660857677","16"
"1171","2023-11-20 20:45:53.020906","CV M 1","ERDPCMB-481728","45"
"1172","2023-11-20 20:46:11.240537","CV M 1","ERDPDEB-660870771","45"
"1173","2023-11-20 20:46:20.865204","CV M 1","EMGAMGA-660830740","45"
"1174","2023-11-20 20:46:33.268648","CV M 1","ERDPMDS-1452869","45"
"1176","2023-11-20 20:46:50.996297","CV M 1","ERDPMDS-1446887","45"
"1177","2023-11-20 20:46:55.070266","CV M 1","EAMBAMBE-6A60M88B37A97M","B-660883797"
"1178","2023-11-20 20:47:00.801140","CV 5","EAKDAKD-660879071","12"
"1179","2023-11-20 20:47:01.389370","CV M 1","EAMBAMB-660883797","25"
"1180","2023-11-20 20:47:11.128618","CV 5","ENAGJRP-1549116","12"
"1181","2023-11-20 20:47:12.450282","CV M 1","ECCUULB-5964698-1527","25"
"1182","2023-11-20 20:47:19.122245","CV M 1","ECCUMNK-1534846","25"
"1183","2023-11-20 20:47:24.165732","CV 5","ENLPNLP-660879977","13"
"1184","2023-11-20 20:47:29.821941","CV M 1","ECCUELL-1365531","25"
"1185","2023-11-20 20:47:33.953604","CV 5","EIXBCCB-1423507","17"
"1186","2023-11-20 20:47:37.322898","CV M 1","EGGIGGI-660727721","25"
"1187","2023-11-20 20:47:43.454460","CV 5","EBIHBGI-660906046","19"
"1188","2023-11-20 20:47:45.628713","CV M 1","EKOPKOP-660815695","25"
"1189","2023-11-20 20:47:56.400093","CV M 1","ECCUULB-5964700-1525","25"
"1190","2023-11-20 20:48:07.094442","CV M 1","ECCUSKB-660898980","25"
"1191","2023-11-20 20:48:11.839227","CV 5","EBOMCHB-660895993","15"
"1192","2023-11-20 20:48:20.553519","CV M 1","ECCUULB-5970474-1527","25"
"1193","2023-11-20 20:48:34.034517","CV M 1","ECCUSKA-660893828","25"
"1194","2023-11-20 20:48:41.466517","CV 5","EINDIDO-1999335-1334","14"
"1195","2023-11-20 20:48:45.701774","CV M 1","EBBICTS-1543938","23"
"1196","2023-11-20 20:48:58.502779","CV M 1","EBHUCUT-3596547-1303","23"
"1197","2023-11-20 20:49:06.246808","CV 5","EBTLBTL-660793588","14"
"1198","2023-11-20 20:49:10.948795","CV M 1","EBBIJAG-1700143","23"
"1199","2023-11-20 20:49:17.715906","CV M 1","EBBISLP-1366512","23"
"1200","2023-11-20 20:49:20.443142","CV 5","EBOMKLY-1441745","15"
"1201","2023-11-20 20:49:24.847548","CV M 1","EBBIBHM-1647097","23"
"1202","2023-11-20 20:49:30.372975","CV 5","EJRHTZR-1389550","13"
"1203","2023-11-20 20:49:31.459251","CV M 1","EBHUCUT-3590429-1303","23"
"1204","2023-11-20 20:49:39.879945","CV 5","EBOMCLL-660904993","15"
"1205","2023-11-20 20:49:40.928161","CV M 1","EBBICSP-660929093","23"
"1206","2023-11-20 20:49:47.429721","CV 5","EJLRJBL-660904221","12"
"1207","2023-11-20 20:49:49.424689","CV M 1","EBHUCUT-3594615-1302","23"
"1208","2023-11-20 20:49:56.003496","CV M 1","EBHUCUT-3593736-1302",
"1209","2023-11-20 20:49:57.635027","CV 5","EULGULG-660867750","19"
"1211","2023-11-20 20:50:10.402378","CV 5","EIXBNJP-660821620","17"
"1212","2023-11-20 20:50:13.496121","CV M 1","EKDJKDJ-660839752","23"
"1213","2023-11-20 20:50:20.336948","CV 5","EBOMADW-660887942","15"
"1214","2023-11-20 20:50:23.803403","CV M 1","EBHUCUT-3590430-1301","23"
"1215","2023-11-20 20:50:29.413557","CV 5","ETEZGAU-1373523","13"
"1216","2023-11-20 20:50:35.386659","CV M 1","EPATHJR-758757-1319","27"
"1217","2023-11-20 20:50:42.438298","CV 5","ERTLRTL-660863822","14"
"1218","2023-11-20 20:50:43.500952","CV M 1","EPATDSS-1623788","27"
"1219","2023-11-20 20:50:52.153010","CV M 1","EPATMDD-1316420","27"
"1220","2023-11-20 20:51:03.840352","CV M 1","EPATMAS-514624","27"
"1221","2023-11-20 20:51:04.576554","CV 5","EMUMSAI4-3705610-1375","15"
"1222","2023-11-20 20:51:10.853233","CV M 1","EPATSMP-1695955","27"
"1223","2023-11-20 20:51:16.217103","CV 5","EPATBTS-4840146-1366","19"
"1224","2023-11-20 20:51:20.693006","CV M 1","EPATMDD-1315396","27"
"1226","2023-11-20 20:51:29.753297","CV 5","EGAUNNM-660863817","13"
"1227","2023-11-20 20:51:36.443479","CV M 1","EPATMAS-513618","26"
"1228","2023-11-20 20:51:42.585625","CV M 1","EKGGKGG-660876814","27"
"1229","2023-11-20 20:51:48.801029","CV M 1","EFBGFBG-660864812","27"
"1230","2023-11-20 20:52:06.531854","CV M 1","EBIHSMP-660909039","26"
"1231","2023-11-20 20:52:21.972206","CV M 1","27",
"1232","2023-11-20 20:53:00.710753","CV 5","EBOMMIR-660890068","15"
"1233","2023-11-20 20:53:27.125550","CV 5","EIXASNT-660831625","13"
"1234","2023-11-20 20:53:41.244378","CV 5","ECCUIXB-660919168","17"
"1235","2023-11-20 20:54:03.564980","CV M 1","EAHDABD-2636101-1279","21"
"1236","2023-11-20 20:54:10.355164","CV M 1","EUNAUNA-660842747","21"
"1237","2023-11-20 20:54:16.969091","CV M 1","EAMDPLN-660867915","21"
"1238","2023-11-20 20:54:18.411778","CV 5","EBBIKHR-1377486","18"
"1239","2023-11-20 20:54:27.156935","CV 5","EJRHMAJ-1152228","42"
"1240","2023-11-20 20:54:30.735894","CV M 1","EAMDBPL-660883808","21"
"1241","2023-11-20 20:54:37.144203","CV M 1","EAHDABD-2638050-1279","21"
"1242","2023-11-20 20:54:49.571304","CV M 1","EAHDABD-2635210-1277","21"
"1243","2023-11-20 20:54:56.171483","CV M 1","EHMTHMT-660838766","21"
"1244","2023-11-20 20:55:01.252965","CV 5","ETEZNGN-1434518","13"
"1245","2023-11-20 20:55:10.493582","CV M 1","EAMDSND-1460631","21"
"1246","2023-11-20 20:55:17.167097","CV M 1","EAMDVLP-660902107","21"
"1247","2023-11-20 20:55:19.839037","CV 5","EITGITO-660850686","42"
"1248","2023-11-20 20:55:24.407443","CV M 1","EAMDGDM-660885897","21"
"1249","2023-11-20 20:55:28.620391","CV 5","ECCUMTG-660900953","17"
"1250","2023-11-20 20:55:36.872391","CV M 1","EAMDNDD-660852795","21"
"1251","2023-11-20 20:55:39.008537","CV 5","EVNEVNE-660821697","42"
"1252","2023-11-20 20:55:58.499663","CV 5","EBIHBTH-660920118","19"
"1253","2023-11-20 20:55:59.061067","CV M 1","EIXRRKR-419516","43"
"1254","2023-11-20 20:56:07.077043","CV M 1","EBIHSSM-660886913","43"
"1255","2023-11-20 20:56:16.788430","CV M 1","EBIHAWB-660874894","43"
"1256","2023-11-20 20:56:24.259152","CV 5","EGAUGUW-3391797-1316","13"
"1258","2023-11-20 20:56:58.121013","CV 5","ESBSSBS-660855825","42"
"1259","2023-11-20 20:57:07.726406","CV M 1","ERACRAC-267221-1687","53"
"1260","2023-11-20 20:57:10.374073","CV 5","EGAUGLP-660852857","13"
"1261","2023-11-20 20:57:20.667321","CV 5","EBOMBED-660857729","16"
"1262","2023-11-20 20:57:30.245521","CV 5","EPNQNGR-660903030","16"
"1263","2023-11-20 20:57:40.442226","CV 5","EPNQPBR-660900103","16"
"1264","2023-11-20 20:57:52.235633","CV 5","EPATBWN-396478","19"
"1265","2023-11-20 20:58:04.611081","CV 5","ESHLJWA-1603862","13"
"1266","2023-11-20 20:58:11.043623","CV M 1","EPATSOU-1488654","46"
"1267","2023-11-20 20:58:14.553783","CV 5","EPATPNP-1140560","19"
"1268","2023-11-20 20:58:21.321313","CV M 1","EPATNPA-424530","46"
"1269","2023-11-20 20:58:27.487940","CV 5","EHJIHJI-660805749","42"
"1270","2023-11-20 20:58:31.623989","CV M 1","EPATDBN-1487773","46"
"1271","2023-11-20 20:58:41.937419","CV M 1","EPATDBN-1491780","46"
"1272","2023-11-20 20:58:42.205105","CV 5","ENAGWMN-660924151","12"
"1273","2023-11-20 20:58:49.695417","CV M 1","EBIHMBI-660902005","46"
"1274","2023-11-20 20:58:50.769987","CV 5","EBOMBSW-660858821","14"
"1275","2023-11-20 20:58:56.988325","CV M 1","EPATSOU-1491671","46"
"1276","2023-11-20 20:58:59.514235","CV 5","EWSHWSH-660745558","12"
"1277","2023-11-20 20:59:03.737920","CV M 1","EPATJJP-1487607","46"
"1278","2023-11-20 20:59:11.082076","CV 5","EPNQVDS-1495741","16"
"1279","2023-11-20 20:59:17.161875","CV M 1","EPATSOU-1488653","46"
"1280","2023-11-20 20:59:19.485484","CV 5","EJRHJRH-660932130","42"
"1281","2023-11-20 20:59:33.486478","CV 5","EBOMVAS-660890925","15"
"1282","2023-11-20 20:59:34.786644","CV M 1","EBIHMBI-660902006","46"
"1283","2023-11-20 20:59:41.998710","CV M 1","EPATBPA-1642757","46"
"1284","2023-11-20 20:59:43.913027","CV 5","EBLGBLG-660861858","18"
"1285","2023-11-20 20:59:47.780564","CV M 1","EBGHBGH-660836724","46"
"1286","2023-11-20 20:59:57.404888","CV M 1","EBIHDBG-660932055","46"
"1287","2023-11-20 21:00:08.049599","CV 5","ENAGWDI-660893005","12"
"1289","2023-11-20 21:00:13.862273","CV M 1","EPATJJP-1487606","46"
"1290","2023-11-20 21:00:19.499287","CV 5","ERXLRXL-660717869","19"
"1291","2023-11-20 21:00:20.441308","CV 1","EBIHBTH-660921085","18"
"1292","2023-11-20 21:00:31.035522","CV 5","EPNQSJN-660839711","16"
"1293","2023-11-20 21:00:32.501083","CV 1","EPATBGH-450534","18"
"1294","2023-11-20 21:00:44.656681","CV 1","EBBUBHI-660807663","17"
"1295","2023-11-20 21:00:53.359530","CV 1","EBOMFRT-660847702","15"
"1296","2023-11-20 21:01:03.915418","CV 5","ECDPCDP-660889975","12"
"1297","2023-11-20 21:01:05.544939","CV 1","ENAGWDI-660891967","12"
"1298","2023-11-20 21:01:17.339109","CV 5","ENAGRPR-1510760","18"
"1299","2023-11-20 21:01:22.251684","CV 1","ECCUJGN-660858712","17"
"1300","2023-11-20 21:01:25.202999","CV 5","ETEZBGL-1250313","17"
"1301","2023-11-20 21:01:27.394513","CV M 1","ESBGSBG-1547674","25"
"1302","2023-11-20 21:01:31.415307","CV 1","EJLRSIH-1552592","12"
"1303","2023-11-20 21:01:34.428004","CV M 1","ECCUHLT-660899722","25"
"1304","2023-11-20 21:01:35.523047","CV 5","EIXBCOB-1457644","17"
"1305","2023-11-20 21:01:42.557193","CV M 1","ECCUMNK-1533849","25"
"1306","2023-11-20 21:01:44.445147","CV 5","EIXBBAN-1448735","17"
"1307","2023-11-20 21:01:44.527165","CV 1","EGAUGLP-660855875","13"
"1308","2023-11-20 21:01:50.077156","CV M 1","ECCUHLD-660893804","25"
"1309","2023-11-20 21:01:54.745777","CV 1","EBBIKTR-1429864","12"
"1310","2023-11-20 21:01:57.044415","CV 5","EBBIPTN-1236325","18"
"1312","2023-11-20 21:02:00.879139","CV 1","ENAGBHR-660809600","12"
"1313","2023-11-20 21:02:06.107044","CV 5","EDELRPR-660878685","18"
"1314","2023-11-20 21:02:06.912296","CV M 1","ECCUGNG-497593","25"
"1315","2023-11-20 21:02:07.964031","CV 1","EBHOSEH-1655956","14"
"1316","2023-11-20 21:02:13.259127","CV M 1","ECCUBAC-660864928","25"
"1317","2023-11-20 21:02:15.430330","CV 1","EDMCDMC-1549604","42"
"1318","2023-11-20 21:02:16.625247","CV 5","ECHPESZ-459641","17"
"1319","2023-11-20 21:02:21.289269","CV M 1","ECCUULB-5969502-1524","25"
"1320","2023-11-20 21:02:28.788708","CV M 1","ERDPBKR-508728","25"
"1321","2023-11-20 21:02:34.458284","CV M 1","ECCUGOL-314592","25"
"1322","2023-11-20 21:02:49.266804","CV M 1","ECCUNDN-1544820","25"
"1323","2023-11-20 21:02:51.406731","CV 5","ETEZMGN-283392","13"
"1324","2023-11-20 21:02:57.946727","CV M 1","ECCUPBM-1495676","25"
"1325","2023-11-20 21:03:00.177229","CV 5","EGAUGLG-660857978","42"
"1326","2023-11-20 21:03:08.023264","CV M 1","ECCUPTI-1446695","25"
"1327","2023-11-20 21:03:09.930654","CV 5","ECCUJGN-660862710","17"
"1328","2023-11-20 21:03:21.916717","CV 5","EPATTRP-1403541","17"
"1329","2023-11-20 21:03:33.562239","CV 5","EBOMSPL-660881857","15"
"1330","2023-11-20 21:03:41.993891","CV 5","ETEZKLB-1331440","42"
"1331","2023-11-20 21:03:56.794430","CV 5","EPNQBNR-660883805","16"
"1332","2023-11-20 21:04:05.442033","CV 5","EPNQPBR-660900104","16"
"1333","2023-11-20 21:04:06.127495","CV M 1","EAHDABD-2640948-1276","21"
"1334","2023-11-20 21:04:12.123416","CV M 1","EAHDABD-2635212-1278","21"
"1335","2023-11-20 21:04:17.987499","CV 5","EBOMPCV-660894023","15"
"1336","2023-11-20 21:04:19.313237","CV M 1","EGANGAN-660902079","21"
"1337","2023-11-20 21:04:27.100469","CV 5","EDIBDBG-1448929","42"
"1338","2023-11-20 21:04:27.686906","CV M 1","EBDQKLB-1686151","21"
"1339","2023-11-20 21:04:33.624929","CV M 1","EBDQAKT-660903117","21"
"1340","2023-11-20 21:04:38.354216","CV 5","ERDPCLG-1629739","17"
"1341","2023-11-20 21:04:42.320921","CV M 1","EAMDCDH-1549988","21"
"1342","2023-11-20 21:04:48.699573","CV M 1","EHMTHMT-660834715","21"
"1343","2023-11-20 21:04:53.387172","CV 5","ETSKTSK-660853758","42"
"1344","2023-11-20 21:04:56.976442","CV M 1","ESDRSDR-660823668","21"
"1345","2023-11-20 21:05:01.860926","CV M 1","EAMDMUD-660831629","21"
"1346","2023-11-20 21:05:06.220107","CV 5","EPATJNR-1488715","47"
"1347","2023-11-20 21:05:11.138644","CV M 1","ERDHRDH-660675443","21"
"1348","2023-11-20 21:05:14.802585","CV 5","ENAGBAH-456581","18"
"1349","2023-11-20 21:05:35.118927","CV M 1","EBBIHLD-1378533","23"
"1350","2023-11-20 21:05:39.477140","CV 5","EBNRIOC-521557","17"
"1351","2023-11-20 21:05:41.314714","CV M 1","EIXRJSG-1690010","23"
"1352","2023-11-20 21:05:49.211655","CV M 1","EBBICTK-660942038","23"
"1353","2023-11-20 21:05:57.803008","CV M 1","EBBIPNK-1432673","23"
"1354","2023-11-20 21:06:12.971257","CV M 1","EBBIBBW-1431766","23"
"1355","2023-11-20 21:06:19.613122","CV M 1","EBBIBHM-1647095","23"
"1356","2023-11-20 21:06:28.007143","CV M 1","EBBISRO-1534636","23"
"1357","2023-11-20 21:06:33.849349","CV M 1","EBBIBHC-660886941","We"
"1358","2023-11-20 21:06:43.885718","CV M 1","EBHUCUT-3594620-1302","23"
"1359","2023-11-20 21:06:52.408682","CV M 1","EBBICGT-1635863","23"
"1360","2023-11-20 21:07:05.444637","CV M 1","EBBIKDG-660919124","23"
"1361","2023-11-20 21:07:19.547157","CV M 1","EBHUCUT-3597545-1301","23"
"1362","2023-11-20 21:15:25.410715","CV 1","ENAGNRI-1433635","18"
"1363","2023-11-20 21:15:44.219936","CV 1","ERTGRTG-660827635","15"
"1365","2023-11-20 21:15:59.184613","CV 1","EREWANP-1351363","12"
"1366","2023-11-20 21:16:31.068119","CV 1","ETEZNGN-1431526","13"
"1367","2023-11-20 21:16:45.821675","CV 1","EPNQBRI-660871803","16"
"1368","2023-11-20 21:16:55.598700","CV 1","EOMBOMB-660801561","16"
"1369","2023-11-20 21:17:07.900217","CV 1","EDMUKHM-1497708","13"
